source,url,date,rating,text
app-store-jira-cloud-ios,https://itunes.apple.com/gb/review?id=1006972087&type=Purple%20Software,2026-09-08,3,"Not as usable as Trello. I really like Trello but I use Jira at work so eventually gave in to the suggestions I should migrate from Trello to Jira. If you have an OK internet connection, a simply configured Jira board comes somewhat close to a Trello board in terms of usability but it’s still second best. And Jira is unusable if you have no internet connection, which is a royal pain in the."
app-store-jira-cloud-ios,https://itunes.apple.com/gb/review?id=1006972087&type=Purple%20Software,2026-07-15,1,"Brainless design - bugs. When the boomer generation are gone, so will Atlassian 🙏"
app-store-jira-cloud-ios,https://itunes.apple.com/gb/review?id=1006972087&type=Purple%20Software,2026-06-09,1,"Full of bugs, doesn’t work. Received multiple invites to join a space, yet every time I try to join, it says I don’t have access to the space. Customer support is also an AI agent and won’t put me through to an account specialist."
app-store-jira-cloud-ios,https://itunes.apple.com/gb/review?id=1006972087&type=Purple%20Software,2026-06-06,1,"More and more frustrating. This app is just getting worse and worse, much like JIRA. Can’t use timeline in the mobile app. We’re in 2026 and with advent of AI coding, really? Even if we could, the opinionated layouts and lack of “just being able to simplify a view” is turning this app into the MySpace of project management. I just literally spent 4 hours trying to create a simple roadmap view that actually showed a roadmap on the majority of the screen… Sounds simple? Not with JIRA. Every view I went into, there was at least one “you can’t do this without this feature enabled roadblock”. What if I want to have names instead of issue IDs as the hyperlinks and only show that? Nope, no can do in this version (or probably any). The fact that this has a rating of 4.6 is review gaslighting."
app-store-jira-cloud-ios,https://itunes.apple.com/gb/review?id=1006972087&type=Purple%20Software,2026-05-10,1,"Needs force restarting every time. Every time I open it, it needs force restarting as it's stuck on selecting notifications. Broken app"
app-store-jira-cloud-ios,https://itunes.apple.com/gb/review?id=1006972087&type=Purple%20Software,2026-03-08,2,"Adding unnecessary steps to upsell new features. A decent app overall but for a productivity app, it’s criminal to add unnecessary steps during key processes (like add new task) behind a paywall to try and upsell AI add ons.  A new task should be 1 click, not click “do you want to add a new task or use new AI mode”."
app-store-jira-cloud-ios,https://itunes.apple.com/gb/review?id=1006972087&type=Purple%20Software,2026-02-24,4,Very effective. This is game changer app. Very helpful even in free version. Appreciate your efforts.
app-store-jira-cloud-ios,https://itunes.apple.com/gb/review?id=1006972087&type=Purple%20Software,2026-02-19,2,"Creating ticket doesn’t work. I have had this app for ages for work and it will not let me create a ticket. It just says I need to set the account, but there is no field for account so I cannot set it!! Please fix this but it drives me mad, makes the app pointless."
app-store-jira-cloud-ios,https://itunes.apple.com/gb/review?id=1006972087&type=Purple%20Software,2025-11-05,5,"Forced Sunvription. I tried to login to an external page (which i have done plenty of times through my computer) and it forces you to start a 12 month free trial subscription to create your own page before even being able to login! No mention of costs after the 12 months are up just another site hoping you forget what things you subscribed to and profit off your imperfect memory, I couldn’t even cancel it through the app and had to login the website to cancel it, maybe there is a method inside the app but its obviously made hard for anyone to find it"
app-store-jira-cloud-ios,https://itunes.apple.com/gb/review?id=1006972087&type=Purple%20Software,2025-09-11,1,New version broke comments. When I try to comment the app freezes - have to force close
app-store-jira-cloud-ios,https://itunes.apple.com/gb/review?id=1006972087&type=Purple%20Software,2025-09-10,1,"Are you okay there??. Nothing is working at the moment, messaging, viewing, seems like they've screwed things up with the mobile app. Fix it asap"
app-store-jira-cloud-ios,https://itunes.apple.com/gb/review?id=1006972087&type=Purple%20Software,2025-08-29,1,Its search is only surpassed by Outlook. It’s like someone thought about creating a UI and then decided they did not like people anymore.
app-store-jira-cloud-ios,https://itunes.apple.com/gb/review?id=1006972087&type=Purple%20Software,2025-07-16,2,"Dark mode doesn’t work. Ok app but dark mode is unusable and it doesn’t save light mode in the app, very frustrating"
app-store-jira-cloud-ios,https://itunes.apple.com/gb/review?id=1006972087&type=Purple%20Software,2025-05-19,5,It’s worth it. Try it.. Excellent
app-store-jira-cloud-ios,https://itunes.apple.com/gb/review?id=1006972087&type=Purple%20Software,2025-05-19,1,"Timelines Broken. I raised a bug but to no response.
Timelines don’t show tickets properly that have a start and due date as the same day. They’re elongated and span weeks for some reason! Makes the app unusable.
Please fix ASAP."
app-store-jira-cloud-ios,https://itunes.apple.com/gb/review?id=1006972087&type=Purple%20Software,2025-04-25,5,Great experience. Fantastic app really enjoy yo watch this.
app-store-jira-cloud-ios,https://itunes.apple.com/gb/review?id=1006972087&type=Purple%20Software,2025-02-08,4,"Multiple Task Dragging. This app could greatly benefit from multiple task dragging. Overall, it’s a pretty good app."
app-store-jira-cloud-ios,https://itunes.apple.com/gb/review?id=1006972087&type=Purple%20Software,2025-02-04,3,Average app. Pointless release notes.
app-store-jira-cloud-ios,https://itunes.apple.com/gb/review?id=1006972087&type=Purple%20Software,2024-05-07,4,decent. okay appppp
app-store-jira-cloud-ios,https://itunes.apple.com/gb/review?id=1006972087&type=Purple%20Software,2023-10-19,4,"Great mobile/tablet app, with some improvement it could be 5*. My team relies on providing estimates at the start of each sprint, and on desktop estimates can be seen from the backlog without having to tap on a specific ticket (they’re visible in the ticket card). It’d be 5* if we could see the estimates on the cards in the same way on the app (in the backlog and sprint view), as well as having the ability to show next task in the sprint (from specific columns) in a widget!"
app-store-jira-cloud-ios,https://itunes.apple.com/gb/review?id=1006972087&type=Purple%20Software,2023-08-12,3,More emoticons. Please add support for more emoticons on comments etc. just like you can on pc.
app-store-jira-cloud-ios,https://itunes.apple.com/gb/review?id=1006972087&type=Purple%20Software,2023-01-29,1,No timeline view. No timeline view for projects
app-store-jira-cloud-ios,https://itunes.apple.com/gb/review?id=1006972087&type=Purple%20Software,2022-12-10,1,"Surprised at how terrible this app is. Whenever I use this app, I get incredibly frustrated. The mobile UI is absolutely dreadful, some features just aren’t available, and others really don’t work well in a touch interface. Often I find myself resorting to using the full website on my mobile, which is just as bad, but normally I can get a feature to work in at least one of these interfaces, but many features not in both.

I’m so surprised it’s so bad when this company is a tech company and their products are used to improve the development of software.

You must understand, I am a massive fan of Jira and Confluence; I’ve implemented both in many companies, and although I’ve tried other products, I keep coming back to these two. So I’m definitely not downing on Atlassian in general, just that they need to understand this app needs a massive massive massive improvement."
app-store-jira-cloud-ios,https://itunes.apple.com/gb/review?id=1006972087&type=Purple%20Software,2022-11-30,1,"App freezes and work lost in tickets!. Productivity tool that lets you down, crashes and all data entered into the jira ticket is lost before able to hit ‘done’. Why does this not auto-save to a draft like the app or web app? Talk about wasting my time."
app-store-jira-cloud-ios,https://itunes.apple.com/gb/review?id=1006972087&type=Purple%20Software,2022-10-17,5,Easy peasy. Easy to use and works well properly
app-store-jira-cloud-ios,https://itunes.apple.com/gb/review?id=1006972087&type=Purple%20Software,2022-09-25,2,"Extremely buggy. Whenever I try to scroll on the board view it’s just frozen, ultimately renders the app unusable."
app-store-jira-cloud-ios,https://itunes.apple.com/gb/review?id=1006972087&type=Purple%20Software,2022-08-01,1,"Can’t estimate tasks.. Can’t put estimates on tasks get a 400 HTTP when I select a time, not a good first time experience"
app-store-jira-cloud-ios,https://itunes.apple.com/gb/review?id=1006972087&type=Purple%20Software,2022-07-12,5,You locked me out of my site. You locked me out
app-store-jira-cloud-ios,https://itunes.apple.com/gb/review?id=1006972087&type=Purple%20Software,2022-05-27,5,Totally parrs azure devops. Using this is a pleasure compared to Azure devops like most Microsoft products there is a bloat of features the are not used.
app-store-jira-cloud-ios,https://itunes.apple.com/gb/review?id=1006972087&type=Purple%20Software,2022-05-12,5,Best productivity tool ever. Great for teams collaborating on projects.
app-store-jira-cloud-ios,https://itunes.apple.com/gb/review?id=1006972087&type=Purple%20Software,2022-04-17,2,"Feels like a web app, only less responsive.. Every year or two, I start this up to see if it has improved.

As I recall, this used to be little more than a web view around the web app; which meant that it shared the lousy keybindings with the web app, and because the actual web app had a banner to redirect to the iPad App.

This last time around, it Is clearly different to the web app, but not in any useful way.  Functionality is down, much harder to customise boards and such forth.
The real killer is the responsiveness.  I found I had to click on issues three or four times before they displayed.
I’m not on the fastest internet, so it may be the app isn’t showing any visual feedback until it gets the details of the ticket, but showing visual feedback when waiting for remote resources is such a basic need in any mobile app."
app-store-jira-cloud-ios,https://itunes.apple.com/gb/review?id=1006972087&type=Purple%20Software,2022-02-09,5,Epic. Love it
app-store-jira-cloud-ios,https://itunes.apple.com/gb/review?id=1006972087&type=Purple%20Software,2021-12-13,1,"I want to link story and epic. Why I cannot link story to an epic from the app, come on guys ?"
app-store-jira-cloud-ios,https://itunes.apple.com/gb/review?id=1006972087&type=Purple%20Software,2021-09-30,2,"Could be so good. If the people responsible for the front end weren’t taking LSD.  Settings are scattered all over the place, no logical flow, complex inter-relations hidden in a maze of menus, and some very odd choices on what is and isn’t do-able between projects, confluence and service management.
But… it’s an improvement on Fogbugz!!!"
app-store-jira-cloud-ios,https://itunes.apple.com/gb/review?id=1006972087&type=Purple%20Software,2021-09-22,1,"Please fix. Can’t create subtasks on a story. It says ‘platform required’ but gives no way of adding one. 

I want to like this app - I much prefer the layout and being able to switch between the board and the backlog - but frankly it’s pretty appalling and I find myself often going back to the website to do basic things such as the above."
app-store-jira-cloud-ios,https://itunes.apple.com/gb/review?id=1006972087&type=Purple%20Software,2021-08-31,1,"Poor app layout. Really poor app layout. No flexibility. In Projects you can’t move from board view to list mode. And in Issues -> All Issues… it’s only storable by date.

I have two sprints and a backlog.. and I can’t get that clearly visible in the app. So simple but I can’t."
app-store-jira-cloud-ios,https://itunes.apple.com/gb/review?id=1006972087&type=Purple%20Software,2021-08-26,1,Endless crashing. Usually great. But the last few days it won’t stop crashing every time I open it.
app-store-jira-cloud-ios,https://itunes.apple.com/gb/review?id=1006972087&type=Purple%20Software,2021-08-19,5,Love it. Immersive experience that makes every day of product designer a living dream.
app-store-jira-cloud-ios,https://itunes.apple.com/gb/review?id=1006972087&type=Purple%20Software,2021-06-11,5,Fantastic. What I can say more.. KEEP THE GREAT WORK. IT’S FANTASTIC SOFTWARE :)
app-store-jira-cloud-ios,https://itunes.apple.com/gb/review?id=1006972087&type=Purple%20Software,2021-05-19,5,"Better than a web app. I believe that mobile version is much cleaner and user experience is generally better - weird one, as probably more people are using the web !"
app-store-jira-cloud-ios,https://itunes.apple.com/gb/review?id=1006972087&type=Purple%20Software,2021-03-26,1,"Terrible experience. The app is terribly lagging and barely usable. The UI hangs every 5-10 seconds. The UI elements, e.g. commenting issues are not available. 

The whole line of Atlassian products (Jira, BB, Confluence) is astoundingly backwards."
app-store-jira-cloud-ios,https://itunes.apple.com/gb/review?id=1006972087&type=Purple%20Software,2021-02-10,3,It’s Alright. Replying is a pain
app-store-jira-cloud-ios,https://itunes.apple.com/gb/review?id=1006972087&type=Purple%20Software,2021-02-05,5,"What a superb tool. Having worked in the project and programme space for some time now it is refreshing to finally find a tool that works. Jira is is built on a philosophy of not screwing the customer/ end user and this is evident right from the outset. It is user friendly and straight forward to use. You can customise your own workflows and there are not a million drop downs that you typically find in tools like ServiceNow. One thing is clear, this is not just a tool for software developers and can by used by programme managers and PMs who are moving into the Agile space. You will find this out for yourself by just giving it a whirl."
app-store-jira-cloud-ios,https://itunes.apple.com/gb/review?id=1006972087&type=Purple%20Software,2020-12-10,4,Great productivity app. Great productivity app....
app-store-jira-cloud-ios,https://itunes.apple.com/gb/review?id=1006972087&type=Purple%20Software,2020-12-08,1,"Terrible app. This app is advertised that you can do more with the app but it doesn’t display critical fields properly when progressing a ticket. It’s not easy to navigate if you have multiple projects. 
Don’t use this app is a pile of rubbish."
app-store-jira-cloud-ios,https://itunes.apple.com/gb/review?id=1006972087&type=Purple%20Software,2020-09-04,4,Why use anyone else. Nothing is perfect but this achieves so much. Perfect for working from home project and activities based life.
app-store-jira-cloud-ios,https://itunes.apple.com/gb/review?id=1006972087&type=Purple%20Software,2020-08-22,1,Poor. Don’t pop a modal to ask for a review. You always get 1 star.
app-store-jira-cloud-ios,https://itunes.apple.com/gb/review?id=1006972087&type=Purple%20Software,2020-08-21,5,"Amazing app!. Impressive app! Easy to use, makes our business experience good and gives structure to our team’s progress. Highly recommend it to anyone starting up business!"
app-store-jira-cloud-ios,https://itunes.apple.com/gb/review?id=1006972087&type=Purple%20Software,2020-07-28,1,Sort your mobile web site!. These people need to sort their mobile website.  It’s 2020!  Then I won’t have to keep using this stupid app.
app-store-jira-cloud-ios,https://itunes.apple.com/gb/review?id=1006972087&type=Purple%20Software,2020-06-19,5,"Essential and well designed. Absolutely essential app for managing Projects, gives me the ability to plan ahead away from the desktop. Really well designed and thought out, can you please add a filter feature to hide done items"
app-store-jira-cloud-ios,https://itunes.apple.com/gb/review?id=1006972087&type=Purple%20Software,2020-06-19,5,"Overall a great app, but.... The inability to add story points through the app is just mind boggling. Come on people, this isn’t that hard to do, please, this is the only reason I still have to use the site."
app-store-jira-cloud-ios,https://itunes.apple.com/gb/review?id=1006972087&type=Purple%20Software,2020-06-08,4,"So much better than the website version!. I really dislike the web version but the iOS app is fast, beautiful and way more efficient."
app-store-jira-cloud-ios,https://itunes.apple.com/gb/review?id=1006972087&type=Purple%20Software,2020-05-15,5,"I like it. It has help me and my team to keep track of tickets on the fly.

Very useful"
app-store-jira-cloud-ios,https://itunes.apple.com/gb/review?id=1006972087&type=Purple%20Software,2020-04-29,4,"Text selection?. This applies to both the iOS and MacOS versions of the app; please add support for selecting text in an open ticket without having to open the editor.

Otherwise I have to resort to using the web version until then.

Siri Shortcuts work well, nice touch."
app-store-jira-cloud-ios,https://itunes.apple.com/gb/review?id=1006972087&type=Purple%20Software,2020-04-02,4,"Very nice app.. It’s very useful and the build quality is great. Also it’s amazing to have similar experience on mac and iPad. Makes it feel like developer is putting an effort rather than cutting cutting corners with web views. 

Some areas still need improvement."
app-store-jira-cloud-ios,https://itunes.apple.com/gb/review?id=1006972087&type=Purple%20Software,2020-02-27,5,"Best Helpdesk App on the market. Easier, better, faster. I Got our service desk up and running and rolled out to our team in one day. All company staff are now raising all their IT support requests through Jira and it working well. 👍"
app-store-jira-cloud-ios,https://itunes.apple.com/gb/review?id=1006972087&type=Purple%20Software,2020-02-19,1,"Service desk in the App. Cannot believe this has been overlooked.  Seems to be a perfect use case for the App especially if the service desk portal works as well, so both agents and users/customers can use the platform via the App.  I have been using Jira and Jira Seevicedesk for 6 years this was a long time coming and a disappointing start."
app-store-jira-cloud-ios,https://itunes.apple.com/gb/review?id=1006972087&type=Purple%20Software,2020-02-12,1,"Con. I signed up for the free trial, tried it, didn’t like it, now I’m being sent bills for it to my email address.  Absolute underhanded practices"
app-store-jira-cloud-ios,https://itunes.apple.com/gb/review?id=1006972087&type=Purple%20Software,2020-01-28,5,"Simple yet powerful. I’m very impressed with this app. 
I love that you can easily create tickets with a few taps!
Only issue I have is that when assigning a ticket to an epic it initially only displays „None“ in the list and I can only see other epics when searching for them. 
I tried restarting the app hoping that it re-fetches the list of epics but didn’t help :(
Also it would be great if Epics had different colors. By the way black on purple for epics on the board is hard to read, white on purple would be much better."
app-store-jira-cloud-ios,https://itunes.apple.com/gb/review?id=1006972087&type=Purple%20Software,2019-12-12,5,"Made life easier. This app is very functional and easier than the web interface. 

For small actions, you can’t go wrong. It’s interfaces nicely with JIRA and allows me to update or make tickets on the fly and keep an eye on what’s going on. Essential for anyone using JIRA."
app-store-jira-cloud-ios,https://itunes.apple.com/gb/review?id=1006972087&type=Purple%20Software,2019-11-18,3,"Does the job. Functionalities are okay - does the job.
UI belongs to another era and Ux is unimpressive."
app-store-jira-cloud-ios,https://itunes.apple.com/gb/review?id=1006972087&type=Purple%20Software,2019-11-14,4,"Almost there. A few little usability fixes which will go along way: 1. Make it so when clicking a link in a comment it doesn’t try to bring up the context menu instead. 2. Sometimes after commenting it glitches and either doesn’t show the comment you left or shows it as though another user left it (very odd). Both issues fix themselves if you close the issue and reopen
3. It might be nice to show our custom filters on the backlog view
4. When adding an issue not all fields are available"
app-store-jira-cloud-ios,https://itunes.apple.com/gb/review?id=1006972087&type=Purple%20Software,2019-09-24,2,"Doesn't work on ios10.3. Using iPad 4 iOS 10.3.3
App opens and logs in, shows notification number on icon but full screen notification in app prevents app from being used.
Notification is that an update needs to be installed. There s a later version but it's for ios11 - reinstalling app gives option to install most recent compatible version but that's the one that blocks the app with the full screen notification.

App cannot be used on this device/system."
app-store-jira-cloud-ios,https://itunes.apple.com/gb/review?id=1006972087&type=Purple%20Software,2019-08-01,5,Great tool. Used jira now for about 6 years with various companies and it’s a great tool. Wish I was more trained in all its uses.
app-store-jira-cloud-ios,https://itunes.apple.com/gb/review?id=1006972087&type=Purple%20Software,2019-07-30,5,Great app!. Great app! I love next-gen road map view working on mobile.
app-store-jira-cloud-ios,https://itunes.apple.com/gb/review?id=1006972087&type=Purple%20Software,2019-06-22,5,CTO. Best management tool I've come across. Jira has an easily comprehensive component to handle every part of the software development life cycle.
app-store-jira-cloud-ios,https://itunes.apple.com/gb/review?id=1006972087&type=Purple%20Software,2019-05-21,4,Good but hard to do more than the basics. Good but hard to do more than the basics
app-store-jira-cloud-ios,https://itunes.apple.com/gb/review?id=1006972087&type=Purple%20Software,2019-05-09,3,"Okay, but just barely functional. As a PM you rely heavily on Jira. This app offers 1/1000th the functionality of the web version. I often end up reaching for my laptop to perform simple tasks. A shame, really. 

It does just about do some basic stuff though."
app-store-jira-cloud-ios,https://itunes.apple.com/gb/review?id=1006972087&type=Purple%20Software,2019-05-04,5,Great. I’m just a child
app-store-jira-cloud-ios,https://itunes.apple.com/gb/review?id=1006972087&type=Purple%20Software,2019-04-10,4,Good app. This is a good app but I can seem to resolve any of my issues when I try to put a resolution in it says field comment is required. I’ve tried commenting on the issue then resolving it but it still won’t accept it
app-store-jira-cloud-ios,https://itunes.apple.com/gb/review?id=1006972087&type=Purple%20Software,2019-02-25,2,App says offline all the time. Can’t open any boards
app-store-jira-cloud-ios,https://itunes.apple.com/gb/review?id=1006972087&type=Purple%20Software,2019-01-17,1,"Under powered. OK for a high level skim through a backlog, but poor for anything more in depth."
app-store-jira-cloud-ios,https://itunes.apple.com/gb/review?id=1006972087&type=Purple%20Software,2018-10-26,4,"Customer version. Would be nice if there was a version just for accessing the service desk customer portal, otherwise a great app."
app-store-jira-cloud-ios,https://itunes.apple.com/gb/review?id=1006972087&type=Purple%20Software,2018-10-16,4,"Very useful when login works. Very useful app and I’ve really noticed how useful since I can no longer log in. I have updated to IOS 12.01 recently - wonder if that is a factor. 4 stars for when it works. 

Helps me keep an eye on everything that’s going on in Jira at a glance and quickly respond to mentions etc, wherever I am.

Have logged an issue with Atlassian Support. Hopefully just a temporary outage."
app-store-jira-cloud-ios,https://itunes.apple.com/gb/review?id=1006972087&type=Purple%20Software,2018-10-12,4,New version causes problems. Was a 4/5 star but now a 2 because of change to comment type.
app-store-jira-cloud-ios,https://itunes.apple.com/gb/review?id=1006972087&type=Purple%20Software,2018-09-24,4,"Need improve. I think that this will need improve in projects management, either is very difficult review different projects that have differents workflows. I think that is necessary make changes in projects format to able best manage that resources."
app-store-jira-cloud-ios,https://itunes.apple.com/gb/review?id=1006972087&type=Purple%20Software,2018-09-17,3,"Better than the website but needs more features. I much prefer to use the app rather than the website. It's snappy and focused, the website feels really cluttered by comparison. Unfortunately the app is missing a few key features to make it a full fledged replacement of the website for me. I'm banking on a great implementation of swimlanes to finally say goodbye to the website!"
app-store-jira-cloud-ios,https://itunes.apple.com/gb/review?id=1006972087&type=Purple%20Software,2018-09-02,1,Crashing after update. App keeps crashing on launch and now can’t open it all. How can I contact you guys?
app-store-jira-cloud-ios,https://itunes.apple.com/gb/review?id=1006972087&type=Purple%20Software,2018-05-30,1,"Can’t Login. Prompted twice to enter my email, see the spinning wheels then get an unhelpful network error then returned to the login."
app-store-jira-cloud-ios,https://itunes.apple.com/gb/review?id=1006972087&type=Purple%20Software,2018-04-20,1,"Can’t SSO. I can’t use my companies single sign on with this app - we use ADFS, and login normally with companyName\userName which then takes to the SSO portal, but this doesn’t seem to work with this app. So really it’s useless for us unless I’m missing something."
app-store-jira-cloud-ios,https://itunes.apple.com/gb/review?id=1006972087&type=Purple%20Software,2018-03-06,2,"OK but needs more. We found bugs in several places.

Far too limited for scrum - ok to add a note to an existing sprint."
app-store-jira-cloud-ios,https://itunes.apple.com/gb/review?id=1006972087&type=Purple%20Software,2018-02-07,5,Excellent!. Love this app. Really easy to use - which this kind of software frequently isn’t.
app-store-jira-cloud-ios,https://itunes.apple.com/gb/review?id=1006972087&type=Purple%20Software,2017-12-07,3,"Better than the browser version.. The app is a lot easier to navigate and find boards you are attached to. The notifications on the app are much better than browser. You are able to see all notifications and find issues easy. 

This app could be a little better, would be nice to see a dashboard with all tickets that I am assigned to. (Same for the for the browser version)

If your working on one projects it’s fine as you can find the active boards and sprints. But when working on multiple projects/clients is a little difficult to keep track on what project your viewing/tickets assigned to you for that project. 

Take a a little getting use to with navigation but this app is a easier and quicker to use as notifications do not disappear, and linked to tickets that you need to address."
app-store-jira-cloud-ios,https://itunes.apple.com/gb/review?id=1006972087&type=Purple%20Software,2017-11-06,1,Not compatible with an iPad keyboard. Please try adding Jira comments using an iPad with a keyboard. It’s pretty unusable.
app-store-jira-cloud-ios,https://itunes.apple.com/gb/review?id=1006972087&type=Purple%20Software,2017-10-27,1,useless. There's no advanced searching for tickets that I've been able to find in this app. Also can't fine any way to browse any tickets I'm not already watching.. pretty useless and always use the 'desktop version' of their website.
app-store-jira-cloud-ios,https://itunes.apple.com/gb/review?id=1006972087&type=Purple%20Software,2017-10-03,2,"Yuk. My developers like it, I hate it.  It’s horrid to look at and even worse to try and use.  We’re a Kanban shop and Jira seems more oriented to Scrum with features geared towards Sprints.  It’s very customisable if you want to sit and setup filters and use JQuery!!! A powerful tool marred by dreadful use ability."
app-store-jira-cloud-ios,https://itunes.apple.com/gb/review?id=1006972087&type=Purple%20Software,2017-10-01,3,"It's getting there but very basic.. It's a start but some very key features missing like the inability to have queries on issues. Just a simple search field. Default shows every issue across every project. 
I hope this is in active development otherwise it's a bit to basic for anything other than updating issues and viewing boards. 
Please keep going."
app-store-jira-cloud-ios,https://itunes.apple.com/gb/review?id=1006972087&type=Purple%20Software,2017-09-26,4,"Great update, you listened to customers. Updated Review: 26/09/17 

Is this a brand new app?? This is exactly how you should release an app. It should be user friendly and reflect the way it is used within your company for seamless use between mobile and PC/laptop. So impressed I have signed up as a beta tester. Congrats, guys. Great updates.

Previous Review: 

Minimal functions, hardly worth the effort

Hmmm, this feels very 'unfinished'. Instead of constantly waiting for feedback from customers before delivering something whole/functional - why doesn't Atlassian please give a tool that actually works as it should? Everything feels half done. For example, why let me see project boards but not have the filters we set up? I just end up with a big list of items I have to scroll through. Here's hoping you get this sorted soon. It is way too basic."
app-store-jira-cloud-ios,https://itunes.apple.com/gb/review?id=1006972087&type=Purple%20Software,2017-09-15,1,Subtasks. Still no subtasks...
app-store-jira-cloud-ios,https://itunes.apple.com/gb/review?id=1006972087&type=Purple%20Software,2017-08-16,5,Much better. Significantly improved over the last few months and now it's very usable.
app-store-jira-cloud-ios,https://itunes.apple.com/gb/review?id=1006972087&type=Purple%20Software,2017-07-14,2,"Limited and with bugs. Usernames in the notification tab are not HTML-decoded. Also, sending feedback crashes the app."
app-store-jira-cloud-ios,https://itunes.apple.com/gb/review?id=1006972087&type=Purple%20Software,2017-05-25,5,"Really good. I think current version of the app is really good for ""on the go"" stuff. It doesn't have all the features of the web version, but it shouldn't! It must be simple and convenient to use and that what it is right now. Will give it a 5 star if I would be able to change/add estimation. Would be good if the was a setting somewhere to specify fields that matter to your workflow."
app-store-jira-cloud-ios,https://itunes.apple.com/gb/review?id=1006972087&type=Purple%20Software,2017-05-18,1,"Terrible app. No matter how many times I've logged in or out I constantly get ""internal server error"". Useless app...."
app-store-jira-cloud-ios,https://itunes.apple.com/gb/review?id=1006972087&type=Purple%20Software,2017-05-09,3,"Good but could be much better. Would love to be able to view specific queues, view and add feedback to issues and view customers."
app-store-jira-cloud-ios,https://itunes.apple.com/gb/review?id=1006972087&type=Purple%20Software,2017-04-23,1,"Fairly useless. If you have more than one project in your organisation, this is not for you.  Either the UI is shockingly poor or someone simply forgot to put in a filter to allow you to look at a single project. You're probably better off struggling with the website than trying to use this."
app-store-jira-cloud-ios,https://itunes.apple.com/gb/review?id=1006972087&type=Purple%20Software,2017-03-16,1,Terrible. One of worst app i have seen. Keep logging you out and after last update can't login. Get your act together and focus on functionality rather than trying to be cool. Terrible
app-store-jira-cloud-ios,https://itunes.apple.com/gb/review?id=1006972087&type=Purple%20Software,2017-03-09,1,Cant login. I could not even login my jira board
app-store-jira-cloud-ios,https://itunes.apple.com/gb/review?id=1006972087&type=Purple%20Software,2017-02-15,4,Please add one feature. Please allow us to log work. Then this would be 5 stars.
app-store-jira-cloud-ios,https://itunes.apple.com/gb/review?id=1006972087&type=Purple%20Software,2017-01-16,3,"Clunky, slow.. Doesn't include all functions so hard to see a use case for having the app. Login doesn't always work, hangs regularly, sprint board has no filters."
app-store-jira-cloud-ios,https://itunes.apple.com/gb/review?id=1006972087&type=Purple%20Software,2016-12-30,3,"it needs an iPad version. The App offers basic functionalities that I'm ok with. As a manager I primarily use it to check notifications. 

It's annoying that it's not available on iPad since the website is basically unusable on iPad."
app-store-jira-cloud-ios,https://itunes.apple.com/gb/review?id=1006972087&type=Purple%20Software,2016-12-21,4,Love it. Just a sleek app
app-store-jira-cloud-ios,https://itunes.apple.com/gb/review?id=1006972087&type=Purple%20Software,2016-11-23,5,Needs filters. Without being able to filter boards or issues by project this is unusable for our team
app-store-jira-cloud-ios,https://itunes.apple.com/gb/review?id=1006972087&type=Purple%20Software,2016-11-11,1,Awful. Awful.
app-store-jira-cloud-ios,https://itunes.apple.com/gb/review?id=1006972087&type=Purple%20Software,2016-10-31,2,Very limited. You can't really do anything with this app. You can only view your own issues. Boards are poorly implemented and almost pointless.
app-store-jira-cloud-ios,https://itunes.apple.com/gb/review?id=1006972087&type=Purple%20Software,2016-09-15,5,Fab. Great tool for productivity. I'm sure will get even better with time
app-store-jira-cloud-ios,https://itunes.apple.com/gb/review?id=1006972087&type=Purple%20Software,2016-08-25,3,"Don't waste your time downloading this. Considering this is a long awaited app and it's their official app it's a disgrace that it does not even work properly.

We have hundreds of tasks and it shows only a couple.

Where is the backlog / sprints?

This app have zero value"
app-store-jira-cloud-ios,https://itunes.apple.com/gb/review?id=1006972087&type=Purple%20Software,2016-08-10,1,"Not even MVP. Can't see or navigate between tasks and subtasks.  

Very basic interface

Mobile web interface brings up a big link to install the app yet the mobile interface is so much more usable than the app. 

Got deleted after 5 mins.  Surprised such a dev focused company can release something of this quality."
app-store-jira-cloud-ios,https://itunes.apple.com/gb/review?id=1006972087&type=Purple%20Software,2016-07-24,1,No hosted support. So one star for you.
app-store-jira-cloud-ios,https://itunes.apple.com/gb/review?id=1006972087&type=Purple%20Software,2016-07-10,1,"Only supports JIRA Cloud, not Server. Disappointing."
app-store-jira-cloud-ios,https://itunes.apple.com/gb/review?id=1006972087&type=Purple%20Software,2016-06-09,1,Not even ready to get feedback. I'm sorry but this is beyond Agile and Lean Startup. Users should not be doing the product manager work for Atlassian: this app does basically NOTHING useful and it's just a way to collect basic requirements wasting my time and space and bandwidth on my phone.
app-store-jira-cloud-ios,https://itunes.apple.com/gb/review?id=1006972087&type=Purple%20Software,2016-06-02,2,Not very useful. It's just a list of tickets that can be sorted by importance or last updated. You can search but not by ticket number (why?! Ridiculous!). You can't view your boards or reports. Just not really very useful.
app-store-jira-cloud-ios,https://itunes.apple.com/gb/review?id=1006972087&type=Purple%20Software,2016-04-26,1,Crashes on login. The app crashes every single time you try and log in. Very frustrating.
app-store-jira-cloud-ios,https://itunes.apple.com/gb/review?id=1006972087&type=Purple%20Software,2016-04-26,1,"Hosted Jira - can't log in. We pay for a hosted Jira environment, app just exits when trying to log in."
app-store-jira-cloud-ios,https://itunes.apple.com/gb/review?id=1006972087&type=Purple%20Software,2016-04-26,1,"The update to fix login breaks it even more. The update that was supposed to fix login has broken it even more. 

App crashes before I get to the sign in screen"
app-store-jira-cloud-ios,https://itunes.apple.com/gb/review?id=1006972087&type=Purple%20Software,2016-03-21,5,"Great idea but doesn't work for server installs. Installed thinking I'd be able to use it with our company JIRA server, but doesn't work. Only enabled for Cloud accounts. 

Please support server customers too - even if we have to install extra components and configure things it will be worth it."
app-store-jira-cloud-ios,https://itunes.apple.com/gb/review?id=1006972087&type=Purple%20Software,2016-03-11,1,Can't log in :-(. Looks very promising but I can't log in. Doesn't seem to handle Google two factor auth ?
app-store-jira-cloud-ios,https://itunes.apple.com/gb/review?id=1006972087&type=Purple%20Software,2016-03-10,1,Doesn't work with JIRA server. |:(
app-store-trello-ios,https://itunes.apple.com/gb/review?id=461504587&type=Purple%20Software,2024-07-24,1,"App has gone from bad to nothing. Trello itself is great – I use it all day everyday for work; but the app – which has only ever been temperamental for me (took forever to load, and would often freeze before syncing), now – since the “bye bye bugs” update –won’t load at all. Just crashes every time. Such a shame."
app-store-trello-ios,https://itunes.apple.com/gb/review?id=461504587&type=Purple%20Software,2024-07-20,2,"Could be so good if key features were included. Unfortunately, many automations that work fine on a MacBook don’t work on my iPad, access to power up features (such as a sync link for the calendar) are unavailable, and you’re unable to expand labels so you can always see what they are named.

If the quality of life elements of Trello were available on a tablet, it would be fantastic"
app-store-trello-ios,https://itunes.apple.com/gb/review?id=461504587&type=Purple%20Software,2024-04-16,1,Impossible to use it. It is very complicated to use it and explain to colleges
app-store-trello-ios,https://itunes.apple.com/gb/review?id=461504587&type=Purple%20Software,2024-04-09,1,Not useful for solo projects. Impossible to delete app as delete tab is hidden
app-store-trello-ios,https://itunes.apple.com/gb/review?id=461504587&type=Purple%20Software,2024-04-04,5,"Great app for IT or any tasks really. This app is amazing for me and you I guess 🤣, I use it for buying parts on websites, currently I am going to build a gaming computer, and I can sort parts that are being delivered, things that I haven’t even bought yet or things that I am currently putting into the case. This is also used with Fortnite, a video game they use it to track tasks that there team is doing and even images that they are making and update, you can use this app for anything I swear 😅 

💯/💯 😆"
app-store-trello-ios,https://itunes.apple.com/gb/review?id=461504587&type=Purple%20Software,2024-01-21,3,"App keeps freezing. I used Trello for several years but in the last few weeks, I’ve noticed the app freezing. When I move from one board to another, the circular updating arrow appears and stops me from making further updates. I deleted the app and reinstalled it two weeks ago and seems to help until a couple of days ago. Are there more bugs that need to be fixed? Worrying that I might lose data, I have a lot on the app. Please sort it out."
app-store-trello-ios,https://itunes.apple.com/gb/review?id=461504587&type=Purple%20Software,2024-01-13,5,"Absolutely  brilliant. Great for organising team, workforce groups and business"
app-store-trello-ios,https://itunes.apple.com/gb/review?id=461504587&type=Purple%20Software,2023-12-05,5,I love it. Great for organising my projects
app-store-trello-ios,https://itunes.apple.com/gb/review?id=461504587&type=Purple%20Software,2023-11-18,5,"Trello. This app has literally become my inner to outer thought portal.
It’s revolutionised my life, and enabled me to accomplish things I’ve never been able to organise on paper or pc.
It’s easy to use with excellent usability and ease of installation."
app-store-trello-ios,https://itunes.apple.com/gb/review?id=461504587&type=Purple%20Software,2023-10-30,1,Photos won’t upload. Since I’ve got iOS 17 can’t upload photos keeps saying unsupported format
app-store-trello-ios,https://itunes.apple.com/gb/review?id=461504587&type=Purple%20Software,2023-10-11,5,Really damn good. best at what it does
app-store-trello-ios,https://itunes.apple.com/gb/review?id=461504587&type=Purple%20Software,2023-10-01,1,"Poor services when cancelling payments. Trello ignore my request for cancelling my account and keep on taking payments, poor service"
app-store-trello-ios,https://itunes.apple.com/gb/review?id=461504587&type=Purple%20Software,2023-07-27,1,Label colours. The label colours keep changing and don’t align with the desktop version which seriously messes up my workflow. Not a good update
app-store-trello-ios,https://itunes.apple.com/gb/review?id=461504587&type=Purple%20Software,2023-07-13,2,Illogical. I thought I would like this app. I needed something to log maintenance jobs and then send them to people and allow others to add and edit details. However the layout is weird. You start at ‘workspace’ and the click on ‘boards’ but are taken to a page that is just a rehash of your workspace page. You create ‘cards’ within boards but if you click on the ‘cards’ tab at the bottom of the page there’s nothing there.
app-store-trello-ios,https://itunes.apple.com/gb/review?id=461504587&type=Purple%20Software,2023-07-02,4,"Brilliant, Useful app!. I use the Trello app to manage multiple boards for work. I love how seamless it is with the Mac app and how easy it can be automated and powered up.

I would have given 5 stars however since the app has updated, I no longer get a blue mark next to boards that have had recent activity. I relied on this a lot to capture changes and board updates so now I have to manually check each board’s activity log which takes up more of my time."
app-store-trello-ios,https://itunes.apple.com/gb/review?id=461504587&type=Purple%20Software,2023-06-30,1,"Missing done button. Why is there no done button, you have to select move from the option then select to done column then the default position of your moving card is right at the bottom of the next column you then need to select position and scroll all the way to number one!"
app-store-trello-ios,https://itunes.apple.com/gb/review?id=461504587&type=Purple%20Software,2023-06-16,1,Could not change profile picture. I travelled the seven seas and the multiverse just to change my god damn profile picture
app-store-trello-ios,https://itunes.apple.com/gb/review?id=461504587&type=Purple%20Software,2023-06-11,5,Bravo Atlassian…nailing it 🤙. Would highly recommend for any business or personal agile project management matters!
app-store-trello-ios,https://itunes.apple.com/gb/review?id=461504587&type=Purple%20Software,2023-05-28,5,"Just what I was looking for. I wanted to store my tasks on a kanban style board, ideally syncing between my phone and desktop computer. 

This does all that for free. 

Happy customer."
app-store-trello-ios,https://itunes.apple.com/gb/review?id=461504587&type=Purple%20Software,2023-05-07,5,"Love this app. I’ve used it as an employee and now as a masters student & it’s been great. 
Love how the lists makes it clear where each task falls and how you can have many checklists in each task.
Finally, it has many cute stickers that can light up the dreadful tasks 😁
Keep it up Trello🙌🏼"
app-store-trello-ios,https://itunes.apple.com/gb/review?id=461504587&type=Purple%20Software,2023-04-28,5,Can’t believe this is free. Beautiful application - extremely polished. Simple to use and really has allowed me to brain dump all the stuff I need to do and systemise things. It’s helped organise my work and personal projects. Thank you.
app-store-trello-ios,https://itunes.apple.com/gb/review?id=461504587&type=Purple%20Software,2023-04-16,5,"Great for organising and sharing lists with people. Great, occasionally buggy but normally just means it’s time for an update. Has helped me to organise and plan my business a lot over the last year."
app-store-trello-ios,https://itunes.apple.com/gb/review?id=461504587&type=Purple%20Software,2023-04-14,5,Simple to use. I’m using the free version on iPad. It’s impressive so intend to upgrade to premium.
app-store-trello-ios,https://itunes.apple.com/gb/review?id=461504587&type=Purple%20Software,2023-03-26,5,Awesome app extremely useful. Awesome app extremely useful
app-store-trello-ios,https://itunes.apple.com/gb/review?id=461504587&type=Purple%20Software,2023-02-10,5,"Fantastic app.!!. We use this app every day. It’s fantastic, it helps us on everything we do."
app-store-trello-ios,https://itunes.apple.com/gb/review?id=461504587&type=Purple%20Software,2023-01-17,5,"My favourite app for productivity. Easy, intuitive and with very nice free functionalities!"
app-store-trello-ios,https://itunes.apple.com/gb/review?id=461504587&type=Purple%20Software,2022-12-08,5,"Love it, love it, love it. I have known about Trello for some time and never really used it. I saw a YouTube video about then started a trial of it, crickey I can’t manage without it now, if I was to be critical it’s the number of power ups one has to pay for on an app where I believe they should be inclusive of the subscription"
app-store-trello-ios,https://itunes.apple.com/gb/review?id=461504587&type=Purple%20Software,2022-12-04,1,Used to be great.  Avoid. Had an account about 10 years and was excellent. Suddenly everything changed and you have to log in through a different system called Atlassan and lo and behold all my boards have vanished into thin air.   Years of important information gone in a puff with no back up.  Avoid.  Avoid
app-store-trello-ios,https://itunes.apple.com/gb/review?id=461504587&type=Purple%20Software,2022-11-19,3,"Ridiculously small lists ruin an otherwise brilliant app. Trello is a game changer in so many ways. Which is why it beggars belief that lists are microscopic. If you try and drag a card somewhere else, the whole list moves. And I can barely read the list names, let alone card names.

Why can't lists fill out the phonescreen? It feels really odd that this is still an issue, more than a decade after Trello was born."
app-store-trello-ios,https://itunes.apple.com/gb/review?id=461504587&type=Purple%20Software,2022-11-05,5,Great Tool …. Excellent app for my needs.  This has been my backbone and instrumental for my business since 2018. Onwards and upwards 👍
app-store-trello-ios,https://itunes.apple.com/gb/review?id=461504587&type=Purple%20Software,2022-11-03,5,"Everything a great app should be. Introduced to Trello through a work colleague (didn’t start using by choice!) - used on web / desktop first - great experience. Instantly usable, intuitive, and super handy for sharing ideas and scheduling. Based on that, downloaded the app - it’s really great guys! Don’t hesitate on this one. Say hello to trello!"
app-store-trello-ios,https://itunes.apple.com/gb/review?id=461504587&type=Purple%20Software,2022-09-29,2,Pointless. Just another tiresome way to clutter up your emails - a pen and paper are a more efficient way of making a list.
app-store-trello-ios,https://itunes.apple.com/gb/review?id=461504587&type=Purple%20Software,2022-09-22,3,"So close yet so far….. I have implemented trello at work as an order management system to get us away from using paper. It’s working really well however if the app could just filter using info in custom fields as it does on a web browser it would be sooo useful. 

I hope you can get this in to future updates."
app-store-trello-ios,https://itunes.apple.com/gb/review?id=461504587&type=Purple%20Software,2022-09-06,3,"Great app but constant sync problems. The app has all of the features it needs on mobile, but it forever has sync problems when tickets are moved between lists. If lots of changes have been made between tickets moving lists since you last add the app open, it has the ticket in both lists until you open the ticket and it manually syncs that specific ticket. The only way to resolve is to clear on launch within the iOS settings each time you launch the app. If the syncing is that poor, probably worth automatically clearing on launch until the problem is fixed in a later release."
app-store-trello-ios,https://itunes.apple.com/gb/review?id=461504587&type=Purple%20Software,2022-08-16,1,Completely useless because of no delete. Yes you can delete individual cards incredibly slowly via archiving. I can find NO WAY to delete whole lists or boards & @trello on Twitter replies with screen shots that are not the same as the current iPhone app.
app-store-trello-ios,https://itunes.apple.com/gb/review?id=461504587&type=Purple%20Software,2022-07-20,1,"Good idea but app is so glitchy. Trello is great is theory, in practice there are constant bugs with the app every week which is just annoying."
app-store-trello-ios,https://itunes.apple.com/gb/review?id=461504587&type=Purple%20Software,2022-07-05,1,Broken. Latest update to add more fluff has completely broken ability to make new cards
app-store-trello-ios,https://itunes.apple.com/gb/review?id=461504587&type=Purple%20Software,2022-07-05,4,"Fabulous but slight glitches on reliability. Love this but for some reason recently it auto replaces new checklists I make with items from other checklists after I type or hand write them, most irritating. Please fix this minor quirk"
app-store-trello-ios,https://itunes.apple.com/gb/review?id=461504587&type=Purple%20Software,2022-07-03,3,Increasingly buggy. It was pretty good for a while but I’ve noticed bugs creeping in over time. This morning I discovered checkbox lists are broken.
app-store-trello-ios,https://itunes.apple.com/gb/review?id=461504587&type=Purple%20Software,2022-06-15,1,"Awful mobile app - fantastic website on desktop. I use this for work and have for a couple years now! But the app is terrible. Never refreshes, when it does it’s far behind and things in wrong place etc. So buggy! Such a shame because the web versions actually fantastic."
app-store-trello-ios,https://itunes.apple.com/gb/review?id=461504587&type=Purple%20Software,2022-06-05,5,Fantastic!. I’ve used Trello for 8 years in total the last 4 with my new company. Love it it’s live on all the phones and pcs so I know where we are with filling my clients jobs. Couldn’t survive without it. No more white boards and writing. Makes my business very organised! Brilliant! 👍🏻👍🏻
app-store-trello-ios,https://itunes.apple.com/gb/review?id=461504587&type=Purple%20Software,2022-05-29,5,Good. Good
app-store-trello-ios,https://itunes.apple.com/gb/review?id=461504587&type=Purple%20Software,2022-05-20,5,"Can’t live without it!. Not perfect
But perfect for our organisation 
Highly recommend"
app-store-trello-ios,https://itunes.apple.com/gb/review?id=461504587&type=Purple%20Software,2022-05-19,5,"At last, an intuitive task management tool. Love the simplicity and versatility of this app. Easy to use & share. If you’re looking to optimise communication with colleagues & partners - look no further. Bravo Trello!"
app-store-trello-ios,https://itunes.apple.com/gb/review?id=461504587&type=Purple%20Software,2022-05-18,5,"Great for organising sewing patterns and projects. I make clothes and while I don’t mean to, I collect patterns and fabric. Trello is a great way to keep track of what I’ve got, what I plan to get, what I plan to make and what I have made."
app-store-trello-ios,https://itunes.apple.com/gb/review?id=461504587&type=Purple%20Software,2022-05-08,3,"Reminder Function needs upgrade. I would use this app for everting if the reminder function included weekly, monthly and annual and a recurring reminder function. I don’t like the play away power up - it is confusing."
app-store-trello-ios,https://itunes.apple.com/gb/review?id=461504587&type=Purple%20Software,2022-04-28,5,"Amazing tool. I organise my personal and business tasks and I have shopping lists. It’s very easy to use and keeps my life organised. 
Thank you, Trello team. 🙏🏻🤩"
app-store-trello-ios,https://itunes.apple.com/gb/review?id=461504587&type=Purple%20Software,2022-04-26,1,"Trapped!. Can’t cancel my account, asks for atlassian login, says it sent a verification link but link never arrives so once you buy you can not cancel! Watch out. Also the interface is not simple, hence the reason I wanted to cancel on second day of trial."
app-store-trello-ios,https://itunes.apple.com/gb/review?id=461504587&type=Purple%20Software,2022-03-30,5,"Best organisation tool ever. Trello is and remains the best, user friendly, intuitive organisation tool to keep track of all business/personal needs"
app-store-trello-ios,https://itunes.apple.com/gb/review?id=461504587&type=Purple%20Software,2022-02-24,1,"Impossible to log in. After 10 minutes going round in circles I gave up. I used to have an account, but reactivating that proved impossible. So did creating a new one. This may still be an awesome app, but seeing as I can’t even log in I’ll never get the chance to find out."
app-store-trello-ios,https://itunes.apple.com/gb/review?id=461504587&type=Purple%20Software,2022-02-21,5,"Bello Trello. If we could only have one App each for life, Trello would be my choice. I’d give up all my social platforms, hand in my camera, give back my music, even let go my podcasts just so I could keep track of what I’m doing now and next in Trello. I’d be lost without it."
app-store-trello-ios,https://itunes.apple.com/gb/review?id=461504587&type=Purple%20Software,2022-02-19,4,Fab & 2 requests. Hey Trello! Thanks for the great tool! App feedback: I find the “recent boards” list at the top of my app unhelpful. My brain wants to open the drawer & find the tool in it’s allocated place. This jumbled list throws me off & swamps me. Maybe give the user the option to turn this on & off? As an app-only user I’d also love a way to make new workspaces within the app. Thanks again for the product you’ve developed! Great for managing my endless ideas. Definitely couldn’t face Christmas shopping without it.
app-store-trello-ios,https://itunes.apple.com/gb/review?id=461504587&type=Purple%20Software,2022-01-23,4,"Love it - but let me change card colours!. I use Trello like a Scrum board, and would love to be able to change the card colours so I can associate them with the Epic stories."
app-store-trello-ios,https://itunes.apple.com/gb/review?id=461504587&type=Purple%20Software,2022-01-21,1,"Data missing. There are cards missing even though it says “ Synced”. You have one job, Trello!"
app-store-trello-ios,https://itunes.apple.com/gb/review?id=461504587&type=Purple%20Software,2022-01-08,5,"Excellent!. I work at a Roblox company (not headquarters) and I’m a social media manger there along with many more ‘roles’. It really helps organise trainings, alliance visits, availability and more. I definitely recommend for company’s and business even small ones to help you track orders etc, per item."
app-store-trello-ios,https://itunes.apple.com/gb/review?id=461504587&type=Purple%20Software,2021-12-14,1,"DO NOT USE THIS APP !!. I had been using this app for over a year collecting vital data for my business and one day my account just vanished. 

No track of it what so ever and when I emails the support they were not helpful at all.

Massive risk when using this app as they clearly can’t help you if information you collect is lost.

Totally let down."
app-store-trello-ios,https://itunes.apple.com/gb/review?id=461504587&type=Purple%20Software,2021-12-08,5,Trello. Couldn’t live without it
app-store-trello-ios,https://itunes.apple.com/gb/review?id=461504587&type=Purple%20Software,2021-11-21,5,"Easy to use! Very helpful app for game development. Love using Trello since when I started in January this year, very easy and useful app to use! I’m a game developer who constantly forgets why they’re doing and what needs doing for my games. I had a slight issue getting my verification email but I’m unsure if it’s Trello’s or my email’s fault so still a 5 star."
app-store-trello-ios,https://itunes.apple.com/gb/review?id=461504587&type=Purple%20Software,2021-11-08,2,"Not. I am using this as part of a group managed by an organisation. Unfortunately, the interface makes it look very chaotic. 
Colour codes are not customisable. The background image is not customisable hence you have to adapt to others’ presets. I am a big fan of minimalism, especially when it comes to decluttered workspaces and time optimisation and this platform does not tick any of these boxes. I find the overall interface tiring to look at and I can say that the organisation I collaborate with tries to organise it as best as they possibly can."
app-store-trello-ios,https://itunes.apple.com/gb/review?id=461504587&type=Purple%20Software,2021-10-24,1,Data loss. All was well until Trello / Atlassian decided to delete everything. Off to find something else.
app-store-trello-ios,https://itunes.apple.com/gb/review?id=461504587&type=Purple%20Software,2021-09-05,1,Just lost all my boards. Just logged into the app to find all my boards gone. I understand that the free version only supports the most recent 10. But how do you even see your closed boards without going premium? I would have liked to choose which boards I’d like to keep/close.
app-store-trello-ios,https://itunes.apple.com/gb/review?id=461504587&type=Purple%20Software,2021-09-03,4,Great app heres my recommendation. Can we please add Widgets!!
app-store-trello-ios,https://itunes.apple.com/gb/review?id=461504587&type=Purple%20Software,2021-08-29,1,"Rubbish-. Two of my boards, that took hours to setup, have disappeared. I no longer trust this app"
app-store-trello-ios,https://itunes.apple.com/gb/review?id=461504587&type=Purple%20Software,2021-08-20,4,"Great app… few niggles. Amazing app. Couldn’t live without it.

My niggles are minor… however… 

Would be useful to be able to change the login details easily. Also the email login is not displayed properly in my iOS version which became very confusing when I tried to login  to a desktop version."
app-store-trello-ios,https://itunes.apple.com/gb/review?id=461504587&type=Purple%20Software,2021-08-01,1,Inappropriate content for 4+. The age rating is 4+ but you can find very inappropriate background images for cards from Unsplash. Please either block unsplash or change age rating
app-store-trello-ios,https://itunes.apple.com/gb/review?id=461504587&type=Purple%20Software,2021-07-21,5,"Best app forever. I have used this through changes they have made over the last decade. I’ve used it to improve both work and personal and self employed. I’ve also used it for family. Also for well…. Everything.
It’s just far richer on every level compared to all its competitors."
app-store-trello-ios,https://itunes.apple.com/gb/review?id=461504587&type=Purple%20Software,2021-07-08,2,"Boards disappeared!!. Crap update as half my boards have GONE! Including 3 business boards & my family photos board!! Wth?? I’m a Gold user and youve just destroyed everything ive spent ages putting on! 
Been using this for years as thought it was fantastic but not now!"
app-store-trello-ios,https://itunes.apple.com/gb/review?id=461504587&type=Purple%20Software,2021-07-05,1,"greedy pigs…. i remember when you could have as many boards as you wanted, when there was no limit and you didnt need to pay for more. sad that this company has clearly lost all of their integrity. have fun with your trashy app."
app-store-trello-ios,https://itunes.apple.com/gb/review?id=461504587&type=Purple%20Software,2021-07-03,5,"Useful. Perfect, I recommend"
app-store-trello-ios,https://itunes.apple.com/gb/review?id=461504587&type=Purple%20Software,2021-06-21,1,"What’s all the fuss about. This ain’t that great. It’s not easy either. 

Changing from a paper to digital office and I want to go back to paper. More user friendly, clearer to use and none of the power ups and stuff. 

This is NOT an easy app to learn and use. 

AVOID if you’re new to digitising you’re life. This app will make you feel less qualified than you already do."
app-store-trello-ios,https://itunes.apple.com/gb/review?id=461504587&type=Purple%20Software,2021-06-19,4,Good app very usedul. I love the app really helps me organise my work load. But id really love a widget for my home screen.
app-store-trello-ios,https://itunes.apple.com/gb/review?id=461504587&type=Purple%20Software,2021-06-14,5,"Trello has made my life easier!!!. Best App I have ever downloaded!!!
Mawbroon"
app-store-trello-ios,https://itunes.apple.com/gb/review?id=461504587&type=Purple%20Software,2021-06-09,5,Redwan. Bing
app-store-trello-ios,https://itunes.apple.com/gb/review?id=461504587&type=Purple%20Software,2021-06-06,1,"Power ups don’t work in app. Calendar power up doesn’t work, today view doesn’t sort in due date order and the app updates infrequently so you need to use the web browser to organise anything by date."
app-store-trello-ios,https://itunes.apple.com/gb/review?id=461504587&type=Purple%20Software,2021-05-14,5,Amazing for productivity. So glad this app exists. So good for group use but also individual use. The free plan is also so sufficient and I hope they continue this free plan forever. Great app!
app-store-trello-ios,https://itunes.apple.com/gb/review?id=461504587&type=Purple%20Software,2021-05-04,1,"Unable to login. Can’t login through atlassian account. The account login works on both iOS browsers and desktop, just the app is not working. Please fix!"
app-store-trello-ios,https://itunes.apple.com/gb/review?id=461504587&type=Purple%20Software,2021-05-03,5,Incredible.. I use this to plot my comics. Incredible to use.
app-store-trello-ios,https://itunes.apple.com/gb/review?id=461504587&type=Purple%20Software,2021-03-31,1,"Ipad card details now look like iphone card details instead. I’ve got checklists on my cards. Since some update, now I can’t see it directly when opening the card and need to scroll way down to get past the useless empty fields I don’t need to set up, rendering the process really annoying!
I’ve got an ipad, the screen is big so don’t treat it like a small phone screen...
What’s wrong with the small sidebar on the card where those fields were / still are on the web version? At least it was out of the way!"
app-store-trello-ios,https://itunes.apple.com/gb/review?id=461504587&type=Purple%20Software,2021-03-17,1,"Worthless. Gives me error after error. Won’t take my password. I request a new one. Gives me a new one. I enter it. It says no such user. 

Don’t bother with this junk."
app-store-trello-ios,https://itunes.apple.com/gb/review?id=461504587&type=Purple%20Software,2021-03-13,5,Good. Thank you!!! You better.
app-store-trello-ios,https://itunes.apple.com/gb/review?id=461504587&type=Purple%20Software,2021-02-22,5,Top. Excelente
app-store-trello-ios,https://itunes.apple.com/gb/review?id=461504587&type=Purple%20Software,2021-02-02,5,CREATE WIDGETS. This app would be even better if you can do a widget for it :) so you can add your favourite Boared as a widget! Please and thanks 😘
app-store-trello-ios,https://itunes.apple.com/gb/review?id=461504587&type=Purple%20Software,2021-01-21,5,"Flexibility. Simplicity, Power and Collaboration.. LOVE IT!

The premise of this is very simple. You have boards. Boards have lists, lists have cards. Everything can be moved around be dragging and dropping. And that's it. What gives you is an incredibly powerful way to manage what your doing, and to quickly reprioritise tasks (cards). The jewel in the crown is that other people can be given access to your boards, so they can see what your doing and add comments or move things around if you give them permission. Great for collaborative projects, especially remote projects."
app-store-trello-ios,https://itunes.apple.com/gb/review?id=461504587&type=Purple%20Software,2021-01-14,5,Brilliant for productivity. Really helped me with everything from simple to do lists all the way up to managing large projects
app-store-trello-ios,https://itunes.apple.com/gb/review?id=461504587&type=Purple%20Software,2021-01-03,5,100% recommend. Organises your everything
app-store-trello-ios,https://itunes.apple.com/gb/review?id=461504587&type=Purple%20Software,2021-01-01,5,Great app.. Export to CSV could be a very useful feature.
app-store-trello-ios,https://itunes.apple.com/gb/review?id=461504587&type=Purple%20Software,2020-12-24,5,"Brilliant app. I am retired and use the app for home projects. It is flexible and has far more power than I will ever need but I wish I had it when I ran a marketing team. I would say that the free app is good but I used up all my Butler allowance just setting up a gardening project.
I cannot afford or justify £10 a month for the full system because I would never use the allowances. Give me 100 butlers a month for a  small fee. (Example: 50gb cloud storage is 79p per month)"
app-store-trello-ios,https://itunes.apple.com/gb/review?id=461504587&type=Purple%20Software,2020-12-02,2,"This was brilliant.... I’m a bit saddened by the monetised changes. 
Trello as a product is great. But I use such a small level of its functionality. But it was part of the key to turning my problems at work around. 

They’ve now gone in heavy on wanting monthly money. If it was a bit less I’d have put my crew of 10 on it. But that’s £1200 a year and we don’t make that sort of money. 
I’d have to sack someone to pay for it really. And I’m not doing that. 

But amazing software. Does loads of stuff. Great for others I’m sure. I’ll keep using it till I can sadly transfer to another system at a lower cost."
app-store-trello-ios,https://itunes.apple.com/gb/review?id=461504587&type=Purple%20Software,2020-11-24,4,"Nice but. Wish there was more continuity between desktop, web & mobile.

For example dropbox, one drive file pickers. No way to quickly add cloud files like you can on desktop."
app-store-trello-ios,https://itunes.apple.com/gb/review?id=461504587&type=Purple%20Software,2020-11-24,5,Very good app. It was very useful app for anyone who is multitasking with their future projects
app-store-trello-ios,https://itunes.apple.com/gb/review?id=461504587&type=Purple%20Software,2020-11-21,2,"Missing so many things from the iOS app. I find iOS Trello super frustrating to use. So much of the web functionality is missing from the iOS app versions (power ups, and other settings and stuff that you need then to go to the web version for). I’ve actually now (after using for several years) largely stopped using Trello as a result. Such a shame."
app-store-trello-ios,https://itunes.apple.com/gb/review?id=461504587&type=Purple%20Software,2020-10-21,1,The most user unfriendly app ever. Try to improve this app
app-store-trello-ios,https://itunes.apple.com/gb/review?id=461504587&type=Purple%20Software,2020-10-20,3,Easy to use App look dated. Easy to use but the colours used make it look and feel dated and old.
app-store-trello-ios,https://itunes.apple.com/gb/review?id=461504587&type=Purple%20Software,2020-10-15,2,"Buggy notifications. The app itself is nothing to get too excited about. 

Most annoyingly, there is a persistent notification badge showing ‘1’ unread notification. I think correctly reporting notifications is a fundamental part for an app like this."
app-store-trello-ios,https://itunes.apple.com/gb/review?id=461504587&type=Purple%20Software,2020-10-12,5,"BRILLIANT!!!. You can add pictures make notes add cards share boards make teams and there very easy drag and drop. TRELLO IS SO GOOD!!!
I would recommend you to use this app to organise anything."
app-store-trello-ios,https://itunes.apple.com/gb/review?id=461504587&type=Purple%20Software,2020-10-07,5,"I do like this app. This app is very useful for shopping lists and other stuff 
One thing I would like is to just flick items up to archive them rather than have to drag them exactly to the little area as large items are difficult to place in it. Flicking off the list would be so much easier and faster."
app-store-trello-ios,https://itunes.apple.com/gb/review?id=461504587&type=Purple%20Software,2020-09-22,4,App icons. Can we have some religious themed app icons please.
app-store-trello-ios,https://itunes.apple.com/gb/review?id=461504587&type=Purple%20Software,2020-09-11,5,"Great app. Love this app, it is free, you can add pictures to the tasks, update tasks as you go. Recommended"
app-store-trello-ios,https://itunes.apple.com/gb/review?id=461504587&type=Purple%20Software,2020-08-26,1,"Can’t login on iOS iPhone. Won’t let me login, redirects to ‘Atlassian login’, details that work in work web browser don’t work on phone, offers to send reset password link, clicked this even though I didn’t forget password, says it sent a reset link, reset link never arrives.

App doesn’t work on iOS."
app-store-trello-ios,https://itunes.apple.com/gb/review?id=461504587&type=Purple%20Software,2020-08-10,3,"IOS Apps / Typeform Blip. I’m currently using Trello as an incoming platform for Typeform - which is great on a desktop. However the IOS app (where I had hoped to use it most) offers a link to Typeform rather than the data - no use when staff members ‘picking up’ the cards as tasks don’t have access to Typeform itself. 
It works perfectly on a desktop! 👍🏻 is this likely to be rectified?"
hacker-news,https://news.ycombinator.com/item?id=49939838,2026-10-02,,"> The quality of Mattermost and Zulip was NOT exactly as polished as Slack.
Mattermost isn't actually all that bad and its mental model is pretty close to Slack, at least compared to Zulip. I actually prefer Mattermost to Teams, and would view it in the same ballpark as Slack.
> Deployment of such stacks was a problem. A complicate operational overhead.
Not at all! Their stack is actually very reasonable and quite easy to setup: https://github.com/mattermost/docker/blob/main/docker-compos...
Nowhere near the nightmare that self-hosting Sentry is like: https://github.com/getsentry/self-hosted/blob/master/docker-...
I'd say that in Mattermost's case the group calling functionality was locked behind a subscription as well as some other stuff last I checked, which makes it dead on arrival for many. It was quite nice software though, even before being able to vibe code your own (though tackling videos sharing and RTMP will be anything but trivial).
> Make pixel perfect clone of Slack or Jira with SQLite or ejabberd behind.
There's A LOT of functionality and features in Jira, the only thing that saves claims like that is that you probably don't use 80% and can just build what your company needs. I more or less did that for the hell of it (MariaDB + Garage + Dropwizard/Java + Angular/Spartan) and there was still so much supervision an changes that were needed - after pulling the Jira DB scheme and throwing about 60% of it in the trash (didn't need the automation), there was still A LOT of stuff to do and even the plans eat up a whole bunch of the context of the coding tools you intend to use, no matter how many checks and scripts you write to automate guardrails for when the models simply don't recall everything that is relevant.
For people who want to self-host something basic, there's already the excellent https://kanboard.org/ (very very fast)
For those that want something similarly depressingly slow to Jira while still locking some stuff behind a subscription (at least in the versions I tried) there's the passable https://www.openproject.org/
If those don't fit and you don't see anything exactly like what you need, you might try to build your own. But yeah, not a weekend project."
hacker-news,https://news.ycombinator.com/item?id=49307428,2026-08-15,,"I like this comment.  I also have a lot of experience with lazy (my accusation!) reviewers who ask me to split a PR into smaller PRs.  At some jobs, I felt like it was a strategy to sabotage my work (slow me down).
In my experience, the best was to ensure your code will be approved (ok, maybe some minor tweaks) is to assign a code reviewer before you start writing code.  You (the coder) performs some quick analysis, then formulates a plan for how to fix the bug or implement a change or new feature.  You verbally discuss this plan using screenshare (or side-by-side in-person) so both of you can see the code that will be changed.  The code reviewer needs to verbally approve your plan.  This way, you don't spend a lot of time writing code and tests, only to have the reviewer rejected it very quickly: ""You should have done it this way instead.""  (Please note: That process that I described is intentionally informal, casual, and unrigid.  Why?  This grants permission for the coder and reviewer to decide the plan as intelligent adults, not as ""Children of JIRA"" [hint: unnecessary formality].)
Another thing that I do: After I write the code, but before I write tests, I ask the reviewer to review, but not approve.  After looking at their comments, I quickly add another commit to the PR to address their concerns, then start work on the tests.  When the reviewer does the final review, it is very quick, like 10% of the initial review.  All of this really helps to reduce coder/reviewer friction, and nearly eliminate ""Tyranny of the Reviewer"".  One last gripe about code reviewing: It hardly makes sense for someone much more junior than the coder to do the review.  I have seen this too many times."
hacker-news,https://news.ycombinator.com/item?id=49187027,2026-08-05,,"I can’t get over how bad “Rovo” is. Somehow more aggressive and useless than Microsoft putting “Copilot” everywhere.
It’s objectively worse than using something like Cowork + MCP, AND they injected it into every single page on JIRA and Confluent which has made web browsing way slower while all the junk is loading."
hacker-news,https://news.ycombinator.com/item?id=49177078,2026-08-05,,"This reminds me of watching JIRA go downhill over 10 years as it incorporated new technnology.
I used to be a scrum master who helped manage the team JIRA ticket board. When running into the inevitable problem during a meeting, I would sarcastically make a comment about ""JIRA's monthly downgrade"". By the time I stopped using JIRA in early 2025, it had become noticeably slower and had a bunch of UI clutter that made it difficult to do basic tasks.
I checked the homepage for Atlassian, which owns JIRA, and it has a headline saying: ""Unleash your teams and their agents"""
hacker-news,https://news.ycombinator.com/item?id=48887073,2026-07-13,,"An alternate web client for Jira that doesn't take a 1GB of ram and slow as molasses.
https://jiracule.zachmanson.com
https://github.com/zachpmanson/jiracule"
hacker-news,https://news.ycombinator.com/item?id=48875695,2026-07-11,,"I realized that I was typing the comment above in the middle of the night; finally, brain fatigue hit and I wrapped it too soon (thus some typos, sorry). That all was some ""poetry."" Now let me give you some concrete example cases.
1. You're typing a message to your colleague, and you're doing it in Slack, Teams, etc. Why? Why not use your trusted editor where you probably already have smart completions, quick spellchecking, thesaurus, definition and etymology lookup, translation and dictionaries, LLM integration and more.
Years ago I realized that and stopped typing anything longer than three words in anything else but my editor. But that forced me to copy-n-paste a lot, so I automated the process. I'd press a key in the middle of typing - regardless of what the current app is, the script simulates pressing Cmd/Ctrl+a Cmd/Ctrl+c; opens the editor buffer; inserts the text; I'll do editing; press a key - it goes back to the app; pastes the text. Stupidly simple, deviously efficient. Suddenly, my entire OS is my editor and my tool is ""invisible"" - like the article describes.
2. You're typing a message to your colleague. Now you're doing it in your editor, you want to share the url to the thing opened in your browser. What do you do? Normally, you'd switch to the browser, press another key to focus on the navbar, copy the link, switch back, paste the link. Goddammit, the url is cryptic. You, being a good teammate, want to add a description, now you have to go back to the browser to copy it. Then you have to make it into a markdown link format. Darn it. Was it parens and square brackets, or the other way around? We don't even realize how often we do this, because this simple action has become a routine. What's the point of arguing if mouse or vim or shortcuts is faster if the action is fundamentally flawed? For me, inserting a link in the middle of typing, from any tab in my browser is within a keystroke. It intelligently and properly formats it while retrieving the document.title.
3. Your colleague sends you a message: ""Hey Jon, what about FOOBAR-41234?..."" You know it's a Jira ticket number. But between FOOBAR-41345 and -41234 and a bunch of other recent ones you have no mental recollection of what that number is about. You go to your browser, navigate to the Jira instance, darn thing says you have to re-login, now you're going through 2FA - it won't even let you-in unless you find your phone and confirm it. All that effort just to look at the title. We all recognize this familiar flow, don't we?
Why even deal with this BS at all? Jira, Asana, Trello, etc. - all have CLI tools, you should leverage that. In my editor, whenever the cursor stumbles on a pattern like above, it immediately fetches the ticket description and shows it in a popup. I can quickly convert the plain ""FOOBAR-41234"" into a markdown, org-mode, whatever link format that has a description.
4. You're looking at FOOBAR-41234, you even see the description (because your editor is smart now), but how do you answer questions like: ""what are the PRs related to this ticket?"", ""find slack threads that mention it"", etc.? That stuff should be quick and easy. Do get annoyed whenever it takes longer than two seconds to answer any of these or similar questions.
5. You are pair-programming over Zoom. Alice (your colleague) is sharing the screen, you are reviewing some big unit of work. She's scrolling through the code changes, occasionally opening documentation, navigating to different sites, etc. You just can't bear constantly interrupting her with ""slow down, I'm taking notes"", ""please, share this link"", etc. After the session you frantically try to recall, but most of it is gone now, your notes are whacky, containing a bunch of broken urls and half-typed nonsense. Three weeks later it is a complete and utter garbage. Then you spend years debating of note-taking strategies trying to figure out what ""works"" and what doesn't.
That should annoy you. Darn it, if I can see it on the screen, why can't the computer ""see"" it too? It irked me, so I hooked up Flameshot, Tesseract, and Emacs and now I can select any area of my screen and the text gets OCRed and pops in a buffer. It's not always accurate, but it is quick and I don't even have to tell Alice to slow down anymore.
---
These are just a handful of examples, and I haven't even touched anything code related. Hopefully you can already see what I meant in my post above. Do liberate your text from the tyranny of complex GUIs, do get annoyed when you have to manually retrieve any piece of whatever. You're a damn programmer, computers and computer programs should obey your command, never forget that."
hacker-news,https://news.ycombinator.com/item?id=48776418,2026-07-03,,"As my company experiments with AI-heavy programming, I don’t feel like my job’s going away, but as a “full stack” programmer who’s also good at and comfortable managing a task board, walking “stakeholders” and SMEs through requirements-gathering, et c., I am increasingly wondering why our “teams” still have a couple non-programmers doing that stuff. Dedicated QA, for that matter—all that test-writing and test-data-generating and stuff is so fast now. It’d speed things up if one or two programmers just did the whole thing.
But maybe my particular skill set where all those roles were only really out of reach for me for time-constraint reasons is less common than I think… I dunno, though, between people who’d moved up into managing projects but can drive an LLM pretty competently for programming (ex programmers) and versatile can-talk-to-people seasoned programmers, it’s all the other roles that look increasingly like they’re slowing productivity, rather than increasing it, now.
Someone on a call the other day tentatively brought up that they were noticing it was taking longer to get all the paperwork right for a bug fix or even mid-sized feature than it was to actually write and test the fix, by the time they looped in some variety of person in a jira-wrangler role. It’s clear those jira-wranglers are gonna have to fight to keep their jobs (I don’t really know how they’re gonna do it, I feel apprehensive on their behalf in every meeting now)"
hacker-news,https://news.ycombinator.com/item?id=48761828,2026-07-02,,"I’m using a throwaway for this.
In my previous job I was working in a boring old app, and all my attempts to modernise it were rejected. So I felt like this is not my project anyways.
And everything was hair-rippingly slow, asking external developers to implement a simple button was a nightmare of bureaucracy with jira tickets and meetings and reviews ugh.
And I’m coming from the indy hacker scene, I have always moved quickly and avoided unnecessary overhead. At home I was working on side projects and adding buttons was not even in my effort-radar, bc its so quickly done!
Then with ai getting good at coding + my experience I was able to ship so many projects and features, the slow progress at work became unbearable. I was wasting my time so badly there.
TLDR:
Maybe this is a new phenomenon, but I quit bc I can do much more alone while vibe coding. The opportunity cost of staying there was just too high.
Also: the models work much better during unemployed hours and I do so much more sports now, I love it!"
hacker-news,https://news.ycombinator.com/item?id=48516074,2026-06-13,,"Thanks! That's exactly why I built Paca. Traditional Jira feels way too slow when vibecoding—with this, we can just use the project chat to co-plan and assign tasks with AI in real-time."
hacker-news,https://news.ycombinator.com/item?id=48480824,2026-06-10,,"They're some of the only new UIs to be made in the last decade. Almost everyone else stays in the browser (or something close like electron- claude code is actually mostly written in React, they couldn't get far from web dev). The problem is they need to interact with the local filesystem, and not many people have built apps for such a wide range of devices in a long time, and of that small talent pool I bet most are corpo coders- moving too slow and to focused on ""the right way"" to actually ship more than detailed Jira tickets. They also don't have time for stable releases because competition is so fierce.
But I almost always think of things from a talent-pool-first perspective. Perhaps there are actual technical issues like what Boris was referring to."
hacker-news,https://news.ycombinator.com/item?id=48466555,2026-06-09,,"In my mental model, ""my Outlook"" is the outlook instance running on my computer, on my data. My outlook crashed today. Yours might not have crashed. Similarly, my Jira contains tickets about my work, your Jira does not contain those same tickets. That might be technically the same instance on the same SaaS server, but the server I'm routed to accessing my data with my credentials turns it into ""my Jira"". My Jira is slow. Maybe you are lucky and get routed to a faster server, or your company is self-hosting. Then your Jira might be reasonably fast"
hacker-news,https://news.ycombinator.com/item?id=48439688,2026-06-07,,Now… why is Jira so painfully slow? Even changing the type of a ticket or moving it takes like 20 clicks and a minute
hacker-news,https://news.ycombinator.com/item?id=48264451,2026-05-25,,"That version of JIRA could still easily be configured to be awful. That's the main problem with JIRA - the power to actually configure it to be sane is always reserved by a few people who don't want to bother, don't have time and don't care because they aren't really using it every day.
Well one of the problems anyway. It's also unimaginably slow, and has weird limitations like issues can't be parents of other issues."
hacker-news,https://news.ycombinator.com/item?id=48264133,2026-05-25,,"Woof. JIRA is so slow, and managers never seemed to set it up correctly. I have trauma from using it!"
hacker-news,https://news.ycombinator.com/item?id=48264073,2026-05-25,,"> Hook it all together with a custom script and have the AI do all the Jira crap for you.
As if the bloat on Jira isn't big enough already. Adding more text will make it even slower since it will somehow automatically run everything over all that text all the time. If you need heating at your company, use Jira."
hacker-news,https://news.ycombinator.com/item?id=48168925,2026-05-17,,"Well, maybe for simple web apps, but for complex applications there is a noticeable slowdown, I am not even talking about monsters such as jira, but well optimized apps such as vs code, there is a performance ceiling which is lower than for native apps."
hacker-news,https://news.ycombinator.com/item?id=49421984,2026-08-24,,"100%
We're already seeing this at the enterprise level. Companies have dictates from leadership that ""if you're writing code manually, you're doing it wrong.""
Okay, that kind of works for a while. We are indeed producing a shit-ton of code, but the reality is that engineers are pumping out code faster than the humans can understand and (honestly) review it. That sounds great until you realize that ""hey Claude, read this Jira ticket and implement the feature in this code base"" isn't really worth $200K/year.
This is all complicated by the fact that we're also losing our grasp on reality from the other direction because we have leadership air dropping AI generated manifestos on the product owners and product owners having to use AI to transmute all that shit into 1,500 word Jira tickets that are 10% necessary feature work and 90% LLM boilerplate.
So now you have software engineers whose job has changed radically to the point that the hardest part about being a software engineer is just filtering through AI generated artifacts from all directions just to try to get a feature out the door."
hacker-news,https://news.ycombinator.com/item?id=49336087,2026-08-17,,"Nice to see something simple and useful, I am so tired of Azure/Jira's buggy over complicated platforms"
hacker-news,https://news.ycombinator.com/item?id=48269982,2026-05-25,,"What I have learned is that there are different people and project managing strategies for differently competent or motivated people.
Purpose driven mature developers do not need complicated project management or Jira. Famously, the Google Chrome team is an example. All the ceremony is only for plebs like us who are somewhat of cattle that need constant guidance."
hacker-news,https://news.ycombinator.com/item?id=48269831,2026-05-25,,"We approach tickets that match with our development strategy. A ticket is tied to and represents a branch of code. When that code is merged the ticket is done. It cannot be reopened, you open a new ticket and link it and there will be a new branch.
I know everything that is in our main branch by looking at jira.
Product mangers and executives often want a very different view or workflow and it is hard to bend jira to work for everyone. Jira would need to have things like parallel workflows on a ticket and that would just get confusing and complicated."
hacker-news,https://news.ycombinator.com/item?id=47572149,2026-03-30,,"While web development is fine enough - spending a bit of time doing native development makes it feel like web technologies are very limiting in what experiences are possible. It's also very obvious how limiting they are in the quality of user experience, both for end users AND developers.
The first thing to highlight is that multithreading is possible but extremely impractical on the web, and even if you succeed, it's slow. Check out Surma's video on it: https://www.youtube.com/watch?v=7Rrv9qFMWNM
Using threads unlocks so much performance, from everything to time-to-first-paint, time-to-interactive all the way to the general feel of the application.
That sort of optimization is trivial in languages designed for it (like Rust or Go).
Developer experience on the web is unbelievably poor. TypeScript is, semantically, fantastic, but then you have to build it - do you use swc or tsc, do you use webpack, rollup, rspack, vercel's stack, etc? Once you build it, what are your transpilation targets - did you even configure them or are you building bundles that are 40% larger for no reason? The runtime overhead of bundles is also non trivial.
Languages like Rust are maybe 20% more complicated than TypeScript - but they have TSX (also Vue templates, Angular templates, whatever) baked into the _core_ language - requiring no external transpilers or LSPs.
That doesn't mean every application is a good candidate for native/wasm - but the applications that would benefit would benefit end users and developers immensely.
The push back really makes no sense to me. Everyone complains about Electron (and OP about Linkedin, and everyone about Jira) being slow or eating up half their ram - yet with the same breath say that wasm would have no benefit.
> The ease in reverse engineering JavaScript
It's not as easy to reverse engineer native binaries - but you can do it pretty easily and produce the equivalent of minified source code from it. This is how emulators and custom firmware is created. It wouldn't prevent security researchers from identifying negligence."
hacker-news,https://news.ycombinator.com/item?id=46985540,2026-02-12,,"My secret was vibe coding my own jira type if system. It makes sense to no one, but it feels very intuitive to me. It has features like caching all my google docs shared with me so I can search by title. Ironically, it works better than google drive’s search.
Anyway I did this because our version of jira isn’t great, so all the features I found complicated, I put that in my system. For the rest, I use jira because with other things it’s really intuitive."
hacker-news,https://news.ycombinator.com/item?id=46274721,2025-12-15,,"I’m glad the author of the article mentions a lot of the limitations of this idea, but taking the final sentence:
> But my key takeaway would be that if your product is just a SQL wrapper on a billing system, you now have thousands of competitors: engineers at your customers with a spare Friday afternoon with an agent.
I think it’s pertinent to point out that a lot of SaaS products are aimed at businesses and individuals who don’t have engineers at all.
AI agents aren’t going to disrupt the SaaS market for software intended for businesses like small business retail where the owners and staff have minimal technical knowledge and zero extra time.
I also think that some SaaS products are so cheap that about an hour of effort is too much. Is it worth a month of effort to vibecode a Dropbox alternative? Even some pretty complicated software that is untouchable by agents and engineers’ side projects like the Microsoft 365 suite and Jira are priced at under $20/month/user.
On the other hand, some entrenched solutions that aren’t all that complicated could be finding themselves with new, smaller competitors."
hacker-news,https://news.ycombinator.com/item?id=46063399,2025-11-26,,"I guess for me important point is that it is not technical issue and we already have all technical tools/processes to do really big software projects.
Even if people dislike scrum, find Git complicated and don’t want to open up JIRA - these tools are not the problem, these tools help building loads of working software.
We as software engineers with devops can deliver great and complex projects and build great systems. Lots of businesses people don’t even understand how much in control we can be of the environments and code.
Yet developers/IT is there to be blamed. Like we should be ashamed, Uncle Bob will give lectures “how developers should be more professional”.
Yet I always find business people who are like children in the corn field.
With small difference business/sales guys are pushy and walk over engineering guys and engineers bend over and take the blame and business guys can always say “those IT kids playing with toys instead of doing real job”."
hacker-news,https://news.ycombinator.com/item?id=45793339,2025-11-02,,"> because I worked on a lot of personal projects and self learned Go and got experience with Postgres, Redis, and basic frontend.

Do you think you would have been able to do that project to the same caliber and as fast had you not had your degree?
  > These things were not, or barely covered in my CS degree.

The degree isn't there to teach you a specific technology. Those come and go. Some people will work on web like you while others will work on games, graphics, machine learning, databases, languages, or other things. The degree is to teach you the generalized principles that all these things share so that you can learn the specifics you want. They try to cover a broad base to give you exposure because you likely don't know what you want to do or what you like until you get some exposure. That broad base also makes you more effective working with those other niches.
The degree isn't to teach you a niche, it is to make it effective in the broad field.
  > No wonder new grads nowadays are struggling to get jobs. Schools aren't preparing them well for jobs.

What do you expect to be taught in only 4 years? Maybe you learned Postgres and Redis in the summer but I'm certain you wouldn't have learned it that fast had you not had other programming experience. It's not hard to learn one language once you already know another. Especially if that other language is low level or ""mid"" (like C/C++ or Java)[0]. The skills transfer even if the specifics aren't identical.
The problem is tragedy of the commons.
We question why train a junior if they're just going to leave instead of questioning why they will leave. We laugh at someone not ""negotiating good enough"" or hiring new employees at higher wages than we'll offer in raises.
We believe a new senior will be more effective out the gate than a mid level engineer with years of experience in the codebase. We act like institutional knowledge is meaningless. The senior might solve more jira tickets but their lack of institutional knowledge may lead to more being created and more complicated code that isn't leveraging existing libraries.
We act like training juniors isn't a shared community cost that builds a pipeline that we all rely on. Sure, maybe Google trains a junior that leaves for Apple, but Apple trains a junior that leaves for Google. Those costs balance out.
Juniors are having a hard time getting jobs because we've become myopic. We've created the richest companies ever but have become incredibly stingy. We care much more about the quarter than the decade. The customers became the shareholders instead of those buying the things we sell. We spend pounds to save pennies.
[0] it feels weird to call C ""high level"" in the days of interpreted languages and no memory management"
hacker-news,https://news.ycombinator.com/item?id=45143532,2025-09-05,,"I switched to it for projects in my consulting side gigs, and it’s quite low friction, but I don’t see it gaining the same traction in enterprise as JIRA until they add the ability for big companies to completely fuck up and over-complicate issue workflows and add 100+ custom fields and turn Linear into the system that gates velocity."
hacker-news,https://news.ycombinator.com/item?id=48267908,2026-05-25,,"Sounds… political. You have cross-functional teams interfacing via a tool. It would be reasonable to co-design this interface, so that all user goals are taken into account. When engineering owns the tool, do they approach the configuration of JIRA the same way as they build the product?"
hacker-news,https://news.ycombinator.com/item?id=47836420,2026-04-20,,"Opt-out at the Org level.
To get value out of Rovo, it needs detail. Your over-subscribed Jira power user/admin can't effectively make it happen. No guarantees Atlassian (Rovo itself) can make it happen either, but the patterns are going to develop and evolve closer and closer to the Agents that make the features.
They have a peculiar definition of Metadata, however. It's a proprietary data product derived from user content. It's a bit shit they way they sell it as metadata. It's a derivation. It's a product of Content, so it's Content - privacy safeguards cannot begin to cover the variation.
\""Metadata includes two data types referred to as content attributes and common patterns.
Content attributes are statistical characteristics, numeric fields, and derivatives of your in-app data.
Examples of content attributes may include the number of story points assigned to a Jira work item or the complexity of a Confluence page.
Common patterns are phrases, keywords, and topics we extract from search queries and results, Rovo Chat (conversations, prompts, and responses), and custom configuration data that are frequently seen across many customers, while omitting rare data that may be unique to your organization.
Examples of common patterns may include common words, phrases, or Rovo Chat prompt topics that are frequently used by customers, such as “vacation policy” or “recap team activity.”\"""
hacker-news,https://news.ycombinator.com/item?id=47213021,2026-03-02,,"I deal with a ton of different atlassian instances and the most infuriating thing to me about the mcp configuration is that atlassian really thinks you should only have one atlassian instance to auth against. Their mcp auth window takes you to a webpage where you can’t see which thing you are authoring against forcing you to paste the login page url into an incognito window. Pretty half baked implementation.
I noticed that it’s better for some things than others. It’s pretty bad at working with confluence it just eats tokens but if you outlay a roadmap you want created or updated in Jira it’s pretty good at that"
hacker-news,https://news.ycombinator.com/item?id=47132116,2026-02-24,,"Most project management tools (Jira, Asana, MS Project) force you to configure a database before you can draw a timeline. I built a tool that reverses this: start with natural language, get a structured Gantt chart instantly. It's designed for the 'planning phase' where speed > configuration."
hacker-news,https://news.ycombinator.com/item?id=43922277,2025-05-08,,"I have launched Zed probably once a week for the past few months to try it out (each time running updates to see what's improved). I so badly want a native editor like this one to succeed. But the UX just seems very difficult to use. For a while, there were no settings UIs, and you had to edit everything in JSON. I think that's still true. But fine.
Now I'm excited that they actually have a Cursor-like agentic mode.
But the suggestions are still just nowhere near as ""smart"" as the ones from Cursor. I don't know if that's model selection or what. I can't even tell which model is being used for the suggestions.
Today I'm trying to use the Agentic stuff, I added an MCP server, and I keep getting non-stop errors even though I started the Pro trial.
First error: It keeps trying to connect to Copilot even though I cancelled my Copilot subscription. So I had to manually kill the Copilot connection.
Second Error: Added the JIRA MCP (it's working since Zed lists all the available tools in the MCP) and then asked a basic question (give me the 5 most recent tickets). Nope. Error interacting with the model, some OAuth error.
Third Weirdness (not error): Even though I'm on a Pro trial, the ""Zed"" agent configuration says ""You have basic access to models from Anthropic through the Zed Free AI Plan"" – aren't I on a Pro trial? I want to give you money guys, please, let me do that. I want to encourage a high performance editor to grow.
I'm not even trying to do anything fancy. I just am on a pro trial. Shouldn't this be the happiest of happy paths? Zed should use whatever the Pro stuff gives you, without any OAuth errors, etc. How can I help the Zed team debug this stuff? Not even sure where to start."
hacker-news,https://news.ycombinator.com/item?id=43219356,2025-03-01,,"I'm building a dashboard called UniDeck (https://dash.unideck.app) which allows connecting to different services and viewing their data in widgets. It's a great tool for creating home pages for teams and companies and we're working on adding more integrations and tools.
It works by connecting to apis of services like github, gitlab, jira, trello and more with user's account and provides widgets for those services with various configurations.
Our most recent feature has been a widget that allows configuring a table that can connect to whatever api the user provides, all handled in the browser so only user can see the data. You can connect to any api endpoint you like and customize the table to your needs.
It was a side project that we needed for our own projects but came to realize there was a huge demand for it when we showcased it on ProductHunt.
Check it out and let me know what you think."
hacker-news,https://news.ycombinator.com/item?id=42758510,2025-01-19,,"A FOSS plugin to mimic Service Desk on top of Github issues would be great.
You'd miss the infinite complexity of Jira workflow configuration, but that might be a good thing."
hacker-news,https://news.ycombinator.com/item?id=41661581,2024-09-26,,"Over-configured Jira is so much worse because it only gets slower the more configuration happens and some sorts of managers love top-down micro-management and force wild workflows that make no sense other than for wasting time on red tape.
Given the (forced [0]) choice I'd rather use unconfigured Jira than configured Jira. The mysterious ""well configured"" Jira is a Goldilocks zone that I've heard theoretically exists but have never once encountered in the wild.
[0] If the choice is Jira or a gun to my head, for instance."
hacker-news,https://news.ycombinator.com/item?id=41659747,2024-09-26,,"JIRA is a little overbuilt and overconfigurable, and I think that leads to it often being used in confusing ways. I don’t think it’s a bad product or anything, but my experiences on teams that use something simpler like Linear because the tool kind of guides you toward sane behaviors instead of letting you go nuts.
Kind of a convention over configuration thing."
hacker-news,https://news.ycombinator.com/item?id=41295377,2024-08-19,,"You have a firm deadline and presumably something with a lot of unknowns that needs to be shipped. That's pretty risky. Here's how I've tried to get a handle on similar risks with a background in statistics and operations research. (Please forgive me for the length.)
For 1., 2., and 3., as frequently and synchronously as feels reasonable. Having a synchronous ritual of closing out the day (as opposed to opening it as is all too common) is tremendously helpful (""What did you all get done today? What warrants concern? Now, go home!""), and given that you're working in sprints, that reporting period should be good enough for most of the heavier-hitting touchpoints. Hijacking your sprint retrospectives for this is perfectly fine. If you need to meet synchronously more often for housekeeping, you'll know.
One-on-ones are a personal thing. Again, use your best judgment.
If the andon cord is pulled and kills the sprint early, say, kick your manager a quick email to let them know what's up. Their time is likely more valuable than yours, and it's worth trying to have trust that they'll let you know if they feel a synchronous meeting is necessary. Otherwise, the same advice on one-on-ones and other synchronous recurring meetings applies.
Everything else can be over email or your asynchronous messaging service of choice.
For 4., find someone with an MLIS degree. Seriously. Hire a librarian.
For 5., I'd strongly recommend adopting a practice that tries to minimize context switching as much as possible: just as in operating systems, context switches here are utter killers of performance and will slow you the hell down. Namely, if you have support obligations (for ""site up,"" say) alongside needing to work on shipping and improving a product, establish a rotation (or possibly more than one) and include fixed-date product backlog items reflecting that/those rotation(s) to be considered during sprint planning that temporarily completely remove those individuals from product work. This will help keep those facts in front of you and make sure that the sprint workload commitment ""feels right"" given the regular reallocation of labor.
Completely removing those folks from product work will also help with bus factor concerns.
The team captain should run interference as much as possible for other interruptions like middle management drive-bys.
For 6., the name of the game here is what's called ""one piece continuous flow:"" the team is what ultimately ships things, not individuals, but it's the individual contributors coming together in lock step that enable each piece to be shipped. Folks going off on their own is fine in moderation (say, e.g., when reading and subsequently formulating comments to a design document or a report), but it can't be the norm.
Make your product backlog items trackable in a spreadsheet and try as best as you can to eschew relying on tools like Jira. I've had reasonable success with just giving suits an Excel spreadsheet with some VBA macros and pretty graphs: a lot of them know that tool well enough to make it work it turns out. Jira's nonetheless pretty familiar these days, but the complexity inherent in organizing work in epics and sprints and with tags and projects and workflows and screen schemes is a little too tempting when the actual work gets hard. Cut out as much meta-work as you can. Meta-work is expensive waste, and it, like context switching or rewriting your Emacs or fvwm configuration for the umpteenth time, will obliterate your performance.
As a corollary regarding meta-work, you can't scrub your bug tickets if you don't have bug tickets to scrub to begin with.
The team captain should have a habit of ""management by wandering around"" if they've doled out sprint work for the day to two or more subteams, albeit in a more systematic and regular and regimented fashion than the name implies. They should have a good ""feel"" for when folks are stuck and be willing to break through the bashfulness sometimes inherent with impostor syndrome by jumping in to pair with them. That feeling of not being good enough or a waste of time entirely evaporates when there's someone experienced roaming around to help proactively.
This all said, mobbing or pairing is only good to start, but you really need a collaboration of someone with proper product ownership (and not merely project management) and a sort of team captain on the development team itself to chart a course and make adjustments.
Hope this helps."
hacker-news,https://news.ycombinator.com/item?id=40741042,2024-06-20,,"In a recent cybersecurity event, proprietary internal plugins and configurations used by Apple for their self-hosted Atlassian Confluence and Jira instances were leaked. This data breach exposed custom backend and frontend plugins designed for use with on-premise Atlassian Confluence and Jira systems, including authentication handlers integrated with Apple’s internal AppleConnect authentication system, as well as a custom Confluence UI theme for the HMTS (Hardware, Manufacturing, and Test Solutions) division, among other data. This analysis provides a detailed technical breakdown of the leaked files, the potential security implications, and recommendations for mitigating similar risks.
Contrary to initial publications, the leaked data does not include internal Apple tools, but instead, contains internal custom integrations to connect Apple proprietary authentication systems to Atlassian Jira and Confluence, for SSO authentication within the Apple corporate network. Based on information contained within the leaked data, the source code handles the authentication to retail-confluence.apple.com, a Confluence server which is not routable on the public internet."
hacker-news,https://news.ycombinator.com/item?id=40503910,2024-05-28,,"Interesting choice of name. Aside from the controversial nature of the subject, my immediate association is ""not as good as what Plan A should've been"".
But the biggest thing for me is the lack of screenshots. This is text-heavy, and the text is pretty generic. For example:
> ""Our project management SaaS stands out due to its emphasis on simplicity and structured configurations. Unlike numerous tools offering extensive customization options, we've prioritized key functionalities crucial for effective project management. This deliberate approach ensures a user-friendly experience while adhering to best practices. We aim to provide a streamlined, focused platform that simplifies project management processes, enabling teams to concentrate on tasks rather than getting lost in intricate configurations.""
>  ""Dynamic Project Management: Plan B cuts through the chaos with intuitive project planning, real-time tracking, and seamless integration of all your resources. It's about bringing clarity and calm to the storm.""
Okay. I'm sure JIRA and Asana also ""aim to provide a streamlined, focused platform that simplifies project management processes, enabling teams to concentrate on tasks rather than getting lost in intricate configurations.""
That's a lot of promises - which of these features have you implemented? Show me, don't just tell me what everyone else is also saying. Nobody sets out to build a convoluted, distracting project management tool.
Despite this, I logged in, and you actually have a working product, which is awesome! I think you should really showcase the most crucial features with screenshots and gifs instead of droning on and on about your philosophy.
Finally, and this is a smaller thing, but the landing page is sloppy. The headings are blurred out on the right. One of the subtitles is latin placeholder text (""Quis tellus eget adipiscing..."")"
hacker-news,https://news.ycombinator.com/item?id=48776948,2026-07-03,,"Yeah right after I posted I thought about editing in that a 3-4 all-programmer team with one person (maybe half-time) acting as basically team secretary was already the best unit for software writing, but bigcos seemed to have trouble forming them without adding a bunch of overhead and making their programmers often blocked or idle for some reason.
It’s just that now if I have an LLM that can talk to my business comms and reporting tools (jira was already mostly for managers to generate reports, not to help the people doing the work, that’s why it sucks so much as a tool for getting actual work done) and my first-pass at programming looks a lot like just writing a programmerly-flavored feature or bug ticket, having other people making useless first drafts of tickets for me to rewrite (and probably have to go clarify them with an SME or stakeholder anyway) and someone dedicated to poking around in Jira in general, is gonna start looking funny even to bigcos, I think."
hacker-news,https://news.ycombinator.com/item?id=48435471,2026-06-07,,"There are lots of positives that have resulted from using AI in software engineering. (1) No more long repetitive text editing sessions. I.e. changing namespaces or replacing deprecated APIs with the ""correct"" ones. AI will make nearly perfect text modifications with ease. (2) No more bike-shedding code reviewers nitpicking over every tiny coding decision. I.e, ""you should use std::format instead of std::stringstream"". AI will match the existing set of nitpicks so you don't have to. (3) Average Joe's and Jane's can craft applications by just talking to the computer. This might inject a freshness to the current state of software. Currently, we are all forced to use the same bloated applications like Word, Excel, Jira, and Photoshop. We are currently forced to deal with the same set of monopolistic SW companies. Now average folk can solve problems and avoid dealing with Microsoft for a spreadsheet program."
hacker-news,https://news.ycombinator.com/item?id=48419107,2026-06-05,,"> Now, a comparable energy budget we used to use ""deciding what to build"" (because labour was scarce) is now energy we can divert toward ""unbuilding stuff that was a mistake""
The hard part is that you very quickly become Salesforce or Jira or <insert large confusing product>.
You have thousands of users who love your product and pay lots of money and find the features absolutely essential to their workflow. Everyone says your product is bloated and has too many useless features, if only you could delete a bunch of crap they don’t use your software would be perfect.
They all use a different 20%. Delete a feature, lose a fifth of your users."
hacker-news,https://news.ycombinator.com/item?id=48169400,2026-05-17,,"While I agree with the article, I think AI can speed up all steps in the Gantt chart. It's really good about aggregating and summarizing information.
>Process blocked on human inputs
Have AI check chat, email, issue tracker and see who it's blocked on and what latest status is. It may not save a huge amount of time but it can dig through the info pretty quick.
>Exploration
Once again, have it scour issue tracker, chat, customer suggestions, product documentation and summarize history and current status. Much quicker than setting up new meetings to try to rediscover and organize existing info.
Another use case, have agent build prototype, hand to people, have AI summarize and integrate feedback.
Claude or ChatGPT + Slack MCP + Jira MCP + Google Docs MCP + internal knowledgebase MCP + gh (GitHub) CLI + Datadog MCP--really 1 MCP per process in the Gantt chart--has been a huge boost at work just digging through context scattered all over the place and summarizing.
That said, it definitely still needs supervision and hand holding along the way"
hacker-news,https://news.ycombinator.com/item?id=48038420,2026-05-06,,"Companies don’t generally torch money on things that don’t improve their bottom line at a scale like this. Yes you can point to saas bloat and crappy tools like jira, but this isn’t some trend thing anymore. I know because I’ve been personally seeing it play out.
There was an argument to be made that bigger companies with skin in the game were and are making a bigger deal than they should have about how useful it is, but enterprise is growing way, way beyond those companies and it can’t really be easily explained away.
Like this:
> And really, why do these capacity constraints not seem to have any effect on its revenue growth?
Is either absolute obtuseness on purpose, or completely dishonest. Obviously the answer is people find it worth the spend even with the capacity issues. What other answer could there be? To ed, he will say they are simply lying about their revenue and doing accounting tricks, which is a crazy claim to make with no evidence."
hacker-news,https://news.ycombinator.com/item?id=47918306,2026-04-27,,"I got really frustrated with Jira in my company. Getting rid of it completely would have been too lofty a goal, so I looked into how they were using it. Turns out they were mostly just using it wrong. You can have multiple ""views"" of the same info. I ended up fixing the boards and it mostly works now. It's still crap for various reasons and massively bloated, of course."
hacker-news,https://news.ycombinator.com/item?id=47402023,2026-03-16,,"This matches my experience building in-house MCP servers. The mechanism I prefer on load is something like a quick FTS5 with BM25 ranking lookup to find what it needs, and then serve those. I think a lot of these things are implemented pretty naively - for instance, we ran into the huge context problem with Jira, so we just built our own Jira MCP interface that doesn't have all the bloat. If the agent finds it needs something it doesnt have, it can ask again."
hacker-news,https://news.ycombinator.com/item?id=47356792,2026-03-12,,"I just started using Linear, it is AI native/friendly and a million effing times less bloated than Jira. So long Jira. And I say that as an old shit who migrated from Bugzilla to Jira a long time ago and I remember how refreshing Jira felt at the time."
hacker-news,https://news.ycombinator.com/item?id=47346275,2026-03-12,,"I enjoy youtrack for its simplicity, native markdown support, command pallette, and solid vcs integration. So much bloat and friction with jira."
hacker-news,https://news.ycombinator.com/item?id=47345764,2026-03-12,,"The performance, at least on our cloud instance, has greatly improved. There was a period of time where every load was causing the side bar and other components to slowly load with skeletons everywhere.
There are still skeletons but a lot of the page components load instantly(cached) and others load quite quickly.
Tons of UI ""jank"" has been cleaned up across Jira and Confluence. The UI design, in general, has also finally cleaned up nicely and ""settled"".
Confluence articles load very fast now. They have also added Live documents which is a very welcome addition.
Is Jira still bloated? Yeah, but that doesn't preclude improvements. It feels less bloated now to me.
YMMV."
hacker-news,https://news.ycombinator.com/item?id=46945003,2026-02-09,,"Absolutely no developer is going to search through issue trackers. Are you comparing that to while you are actually in your terminal telling the agent at to update the file with what you are doing and why?
How many developers actually  want to ruin their flow and use a bloated CRM or Jira that has some type of inane workflow set up by the PMO compared to just staying in the terminal.
If there is any change to the initial contract, there is change order - you put that through the same workflow.
And do you really want to use how the government works as the model of efficiency? No, this is coming from a right wing government hater or libertarian that says we don’t need government. But I’ve worked in the pub sec department of consulting (AWS ProServe WWPS)."
hacker-news,https://news.ycombinator.com/item?id=46897371,2026-02-05,,"Yeah, I moved my team to Jira and sold it as ""yes Jira is terrible but all the others are much worse"".
I also spent a solid two weeks in the admin panel chainsawing as much Jira bloat as I could. It's perfectly adequate now."
hacker-news,https://news.ycombinator.com/item?id=46892884,2026-02-04,,"This is because what management wants and what builders want are not aligned, not because the quality of JIRA is so amazing that no other alternative could ever be created. JIRA is fine but many people I know that use have some qualms with it because the bloat is pretty crazy."
hacker-news,https://news.ycombinator.com/item?id=46185358,2025-12-07,,"This is why stuff like Jira is so polarizing for many developers. It is an additional translation tax on me, the developer, to have to go constantly keep this tracking tool thing up to date so that the product owners/managers stay off my nuts. The burden of effort is placed on me to make their tool functional that they can have what they need to provide roll up status. This tool virtually never benefits me, it's always a time consuming sidequest that breaks focus and scatters important information all over a kanban board where tickets disappear and makes it really hard to cohesively work as a unit to get anything done. Like many orgs we've had PM's and stuff try to mandate expectations on when those updates should be provided, somehow completely oblivious to the human nature of development: you should never expect that a developer can simply hop in and out of moments of deep focus and suddenly provide a bunch of updates regularly when it's convenient for you, as if that has zero impact on their work. It takes a toll, full stop. I won't say no to it, but I do expect PM's to know that style of PM'ing is effectively asking me to make your job easier by populating your tool with updates that are useful to you and not me because I'm well aware you aren't involved enough to assess where things are yourself.
We've gone through so many cycles of how to use Jira well at my org where these frustrations are shared and we try a different approach, and we're finally starting to converge on the idea that this has historically been a little too lopsided requiring too much tax on the developer doing the actual work. We agreed on a new approach that has actually been pretty awesome: the product owners or managers that are trying to direct a body of work must be a little more in the trenches with us to have an overall understanding of where the different pieces are in a moving body of work. We don't expect them to understand the nitty gritty work in the trenches, but at the same time no more 30,000 foot view product managers who just ask for status updates at EOD. _Everyone_, developers included, is responsible for keeping documentation up to date as we go. So we have central working-bodies of information to find details without having to cruise thru 100+ jira tickets to find details we're looking for. The expectation is that they're engaged enough with development whether in chat or on meetings that if they were blindsided by an executive asking for an update, they could speak to it with some authority over at the water cooler without having to go check Jira. This has really helped weed out the lazy product owners/managers, has forced them to thoughtfully consider their meeting schedules, and has placed the exceptional ones in the pod of work being done and really added a lot of velocity and together-ness about the things we're pushing along.
This approach we're using now was born out of some hurt feelings from projects that didn't go so well & we had to have some real restrospective convos where everyone aired out their beef. Those are good convos to have, I think a lot of teams would find that people aren't deceptively trying to screw you over. Being encouraged to level set human-to-human genuinely is one of the greatest parts of working where I work. Always walk away from those types of chats learning valuable things: for the most part our product owners really do care. Not just about their career aspirations but also about _us_ nerdy and sometimes socially maladjusted developers. They look forward to working with us, and they want to make this as easy as possible for themselves but also for the developers. In the past they spent a lot of time in planning phases trying to scaffold out a project in Jira and attaching timelines to it so that their needs are met to provide predictable timelines to their bosses... but also with the hope that by plainly outlining work it sort of 2 in 1 satisfies our needs and will make development timelines a breeze. We've had to ask them to cede rigidity on that latter part because even the software architects admit the work being done is often a moving target. And when that target moves, maybe you realized you need to add a pivotal software solution to the stack, you can sometimes throw like 45 planned tickets into the dumpster. New ship dates need to be assessed. This was our reality check that we were all collectively shit at adapting to the dynamic nature of any given project. Now, our product owners decided that the expectation they have of their own role is that they understand this dynamic and are prepared and willing to make the case about why the shipping timeline must change. So there's actually a pain point solved here: don't break your back doing so much up front work to try and guess/capture what the body of work might look like only for it all to possibly get thrown away, involve architecture a bit more in the planning phases, but most importantly let's engage throughout the project and we'll try our best to have shared ownership/interest in making sure where we are in the project is broadly understood by everyone involved.
We're currently in phases of implementing a major platform right now and it's just night and day better and dare I say fun. We're still keeping Jira up to date, but the product owners and PMs are more or less managing this as it is a tool they find useful. Removing the ""can you update this ticket please"" 24/7 has forced them to be a little more involved and have the right chats, but also makes us developers happier to jump in and get it updated on our own volition because we also want to help them have an easier time. If my PM pings me and says ""hey I'm looking at this ticket that's stuck in blocked, I just wanted to make sure we got an update from so-and-so about provisioning this credential so I can follow up if needed"" I will likely automagically jump in and be like ""still stuck, but let me update that ticket for you there's a couple key details I want to make sure our there for you before you reach out"". There's an inherent ""we're both interested in seeing this ticket through"" here that doesn't strike a nerve with either party. Pretty much everyone involved both developers & non developers has a really solid read on where anything's at and we're all just talking a lot more. And for developers I find that it's really good, even if you've got them committed in one narrow body of work, to understand the larger pieces in motion. When they're in tune with the broader orchestration of a projects timeline, they tend to weigh in during unsuspecting moments that might tie seemingly unrelated pieces together. They might be assigned to work on x, but in a group chat about y they notice y has a dependency on x and they'll speak up and call out the need to test that they both work together. We've had a lot of great callouts materialize like this, and on a human-psyche level I think it snowballs & avalanches encouraging developer participation in a way that is really meaningful for PMs. It's interesting that Jira & the expectation that predicting development time in an arena of uncertainty was previously in the way of forming the group dynamics we have now. Jira, despite just being a tool, can really amplify a lot of bad outcomes when it's used by those who aren't fit to be near development, it sort of devolves into a two dimensional behind-schedule tracker that detrimentally impacts how team members on the ground communicate with each other.
And since we're talking a lot more there's just like... way more memes. And memes are important in any development timeline. We prioritize laughing through the pain together."
hacker-news,https://news.ycombinator.com/item?id=49337340,2026-08-17,,"Product Manager using Jira AI to hallucinate tickets, epics, metrics and roadmap. Even the numbers were completely made up.
There were too many incidents of “this doesn’t look right” in the same week, so when their boss did a thorough check a couple days after, it was all fake, everything. Eventually they admitted and got canned."
hacker-news,https://news.ycombinator.com/item?id=49044412,2026-07-25,,"I think Andrew Kelly is just a rockstar. Honestly, I find a lot of his overall perspective hard to understand. I get that he's an idealist.
He talks about developers not standing up to management's unreasonable demands, but doesn't he himself receive donations from wealthy people at his foundation? Everything seems contradictory.
The concept of 'pure will' is also really hard for me to grasp. It feels like trying to bring Plato's Forms into reality.
I always feel like the purity advocates on HN are contradictory. They just try to package their own superiority as purity. Honestly, in what sense are they pure? I don't really get it. Is not using AI somehow superior? Is using a hand drill instead of an electric drill more admirable?
I also know that dark patterns undermine user autonomy. But that has clear limits. It's like Prohibition. I understand the criticism of A/B testing in context, but shouldn't we be criticizing Goodhart's law, trying to hit metrics without understanding user behavior, rather than demonizing the tool itself?
The younger generation never experienced the open web or software sovereignty. How can they give up system convenience and choose free software?
I understand that there are problems arising from the nature of capitalism. And I agree that the world needs ethical brakes. But honestly, what I find hard to understand about this person's argument reminds me of a line from Russian literary criticism: 'Those who praise the land are those who do not farm it.
I acknowledge Andrew Kelly's technical achievements are impressive. But honestly, I find it hard to understand the people on HN who keep echoing his words. The Zig foundation runs on sponsorships from big tech companies.
The development cost of 'free software' paradoxically comes from the 'excessive profits of monopolistic big tech' that they despise.
Kelly's uncompromising will is not actually built on pure individual will alone—it rests on the autonomy provided by a very unique sponsorship structure. Can that really be presented as a universal developer ethic?
Ordinary developers don't get $300,000 in sponsorship from anyone. If they refuse a Jira ticket, they could be kicked out of their room next month.
I wish he wouldn't speak while erasing his own economic conditions. It's not that developers are evil—they're just working within the system as a condition of survival.
Honestly, the fact that he achieved that life through his abilities is admirable. But whether it's right to generalize his own minority experience and insist that everyone should follow it is a different matter.
How is that any different from a high-class courtesan telling a cheap one, 'I'm different'?
Andrew Kelly's words are just a symbol of vicarious satisfaction for cogs in the machine. Not just me, but the vast majority of programmers live as cogs—solving Jira tickets, chasing deadlines and KPIs. To them, Kelly appears as an icon of rebellion, refusing to compromise with reality and preserving his purity. But the irony of rockstars is always that they are the most devoted to capitalism.
When I strip away the halo effect around Andrew Kelly, I can't make sense of the contradictions inside."
hacker-news,https://news.ycombinator.com/item?id=48266004,2026-05-25,,"Yep, at a place I used to do work for I used their API to build a number of time saving things, all of which were tiny shell scripts.
Like adding a custom text field to each ticket with a human description of what a ticket did which someone would fill out along with a timestamp that got auto-filled out when a release shipped (deploy script). We'd release 1 ticket at a time as a line of work (many tickets per day). This combined with custom filters resulted in Jira providing us a human readable changelog for each board and the whole company. These messages were Slacked to the business so everyone had a pulse on what was going live. It was also a searchable audit log of all releases, tying back to a code change.
The deploy process also transitioned Jira tickets so a developer never had to do anything more than merge a ticket to main to have it get deployed and completed on Jira.
Lots of little scripts that automatically created tickets for routine tasks, etc..
It was super solid for years and I'm going to guess it's still running today. The naming conventions of the custom fields were lame but if your team is in control of setting up Jira, it wasn't hard to keep everything on the same page.
I started off not liking Jira and it had a lot of issues many years ago but it's actually not that bad nowadays once you set it up. I wouldn't choose it for my own company but as a developer and someone who has administrated it, used it as an end user and developed against it for internal tools, it mostly gets out of your way once it's configured and working."
hacker-news,https://news.ycombinator.com/item?id=48264200,2026-05-25,,"Jira is the one product I feel needs to be AI native.
AI native in the sense that it papers over the pain points.
New JIRA admin? AI will set it up to do what you want (after all, Atlassian has a great training set as they can see which Cloud installs work well)
Need to set up a workflow? Bam, AI to do that.
Need to onboard a user or manage permissions? Again, have a chatbot to do it (as a time-to-time Jira standin Admin, changing permissions always needs doing in 2+ places and devolves into a ""Can you see this yet?"" round of questions)"
hacker-news,https://news.ycombinator.com/item?id=47910322,2026-04-26,,"Jira excels when there is a Jira governance committee
True but oversimplified. Without a Jira administrative state, along with of course democratically elected Jira executive and legislature and a duly appointed Jira Supreme Court, Jira governance committees over time tend to slide into self-dealing, tyranny and eventually mass executions of anti-Jira resistance factions.
Sustaining Jira regime legitimacy over time is far more involved than simply a governance committee with its stakeholder discussions and five year plans for new custom fields."
hacker-news,https://news.ycombinator.com/item?id=47909834,2026-04-26,,"Jira excels when there is a Jira governance committee comprised of people who actually understand data flow and are the only ones with admin privileges.
Too often some manager asks for (and is given) admin access and starts “improving” things.
Sure, anybody can create custom fields and screens and slap together a janky “workflow”, but well-oiled Jira Ops prevent an explosion of custom fields, they curate the create, browse and edit screens of each issue type to only show the fields that are important at that stage, use custom screens on workflow transitions along with validators and conditions to help ensure an issue is always in a reasonable state, etc. Then users don’t complain about the tooling.
But Jira governance takes time, effort, discussions with stakeholders, etc. And without it Jira gets a bad rap."
hacker-news,https://news.ycombinator.com/item?id=47817822,2026-04-18,,"It seems far from clear at this point what the dollar value of agentic coding tools is if measured objectively in terms of value delivered.
IF they can be shown to be multiplying developer productivity (completing more projects on time, without reduction in quality and associated costs) by some significant amount then they are providing value at current cost, but it's not at all clear whether that is in fact the case, especially since most of the claims of productivity are anecdotal and/or based on things like LOC generated rather than delivered functionality.
Meta's ""token usage leaderboard"" shows how far some companies are from measuring anything meaningful! It'd be exactly like some company in the .com era measuring employee's ""productivity"" by how many bytes they'd downloaded from the internet each day (even if that was just a cat video). ""Woo hoo, we're out-internetting you! Our internet bill is enormous!"" (then proceeds to fire the guy coding, and gives a bonus to the one downloading cat videos).
There have been some studies/polls done indicating that some very high percentage (90%?) of corporate AI projects are failing. Why is this? Are they ill-conceived, and or ill-executed? Is it the quality of what's being produced that is causing these projects to be abandoned and/or considered as a failure?
There have also been some separate studies indicating programmer productivity to be reduced, not increased, by use of AI coding tools, which is easy to understand. The developer struggles with the tool and it's fallibilities, eventually gets it to generate something that works, then closes his JIRA story with an ""AI coded"" tag (which shows up on the boss's dashboard, and is all that he sees). Was this an AI productivity success story? To the boss perhaps, but not if the developer admits that it would have just been faster to do it the old way by hand or cut-n-paste from stack overflow."
hacker-news,https://news.ycombinator.com/item?id=47463297,2026-03-21,,">Part of their job right now is staying abreast of technological developments and experimenting with new ways of working.
Not necessarily. A carpenter has a job to make things. Not to use specific tools and keep up with the latest tools used for repairs.  It can be suggested, but telling a caprenter what tool to definitely falls under micromanagement.
>Some people are also upset about being required to use Jira
Jira's job is to report metrics to management. That implicit to the job.  Telling people how to perform their tickets is micromanagement. The whole goal of a non-junior employee is to trust they can estimate and accomplish their task."
hacker-news,https://news.ycombinator.com/item?id=43290759,2025-03-07,,"> Engineering productivity can’t be measured by tracking new features.
Garbage in, garbage out. And as a measure of engineering productivity, story points/feature count/Jira are pretty much garbage!*
Back in 2013 when I was doing consulting for Fortune 500s, even the ""Agile practitioners"" on our team got carried away abusing Jira and story points to do crazy cross-team comparisons and micromanagement. And these were exactly the people that were supposed to know better! That's what they being paid for, after all.
There are many things that should be purely internal measures within a team, yet anything quantified and easily accessible is always rife with misuse. Can't imagine how much worse that will be once AI makes even more of that surface area accessible, and worse yet can gamify its output to outperform on such measures.
* Story points can have value within a team, but that's a separate discussion"
hacker-news,https://news.ycombinator.com/item?id=41626830,2024-09-23,,"It's not so much Basecamp, but Agile mixed with Scrum and then enforced very strictly that's the issue.
Some companies will take the Agile philosophy (originally simple and short) and pervert it into a waterfall by adding extreme Scrum ceremonies like endless points poker (https://www.atlassian.com/blog/platform/scrum-poker-for-agil...) and detailed retrospectives (https://echometerapp.com/en/retrospective-tools-online/), sometimes with the help of outside Agile coaches. Unfortunately, this corrupt version of it seems way more popular than the original Agile philosophy (which, yes, a simple Kanban can do).
Scrumfall warps the whole philosophy from small chunks of iterative autonomous work into quarters of pre-planned top down work, just broken down into absurd things like fibonnaci numbers or t-shirt sizes instead of hours. It makes middle management look organized at the expense of decreasing worker productivity, basically by hiding micromanagement behind tooling. Uses a lot of ceremony and jargon to do a waterfall by another name.
----------
Typically that's done in other tools, like Jira plus outside ceremony software (yes, there is an entire SaaS niche for these ceremonies).
Basecamp doesn't do that, to its credit. It is its own workflow (Shape Up).
I dislike it for other reasons, but less so than Scrumfall. Basecamp the software is slow and doesn't format code very well, and is pretty disorganized (multiple projects, kanban boards, chats, message boards, to-dos, check-ins etc lead to many sources of truth, and it's impossible to find anything even a week later). Shape Up the methodology is too vague and abstract IMO and has very slow iterations and lacks a focus on customer needs and wishes. But both are still a huge improvement over Scrumfall."
hacker-news,https://news.ycombinator.com/item?id=40307064,2024-05-09,,"Jira is extremely customisable. The ""too complicated and enables a lot of processes and micro-management which used to kill our productivity"" thing is a matter of management in the company, or whoever controls the implementation of project management flows, rather than Jira itself.
I'm not a fan of Jira and avoid it if I can, but it has never reduced my overall ""productivity"", putting some text in some forms and clicking some buttons just isn't the kind of factor with such an influence in my experience."
hacker-news,https://news.ycombinator.com/item?id=39572044,2024-03-02,,"Joel Spolsky more feels like a good dev (median skill) that is really good at writing blog posts.
He had some pioneer ideas about automatic micromanagement by Jira-esque velocity tracking tools. A sin he got way to little critique for.
Carmack is probably the archetype of a 10x dev and like any real diva he seems very toxic to work with. Dunno if you'd want him unless you are writing Doom before 3d games were a thing."
hacker-news,https://news.ycombinator.com/item?id=39407915,2024-02-17,,"Yes. What I have said before, for the same reasons, is that when the average office that says ""we do the Agile"", what they mean  is that they have top-down, upfront planned micromanagement via tools such as Jira. *
This has nothing in common with the values of the Agile Manifesto. In fact it's more like the opposite of them.
* I hate Jira. Jira is not the cause of the problem. People's desire for a tool like that is cause of Jira. Kill Jira, and it would soon be replaced with something much the same."
hacker-news,https://news.ycombinator.com/item?id=49523025,2026-09-01,,"Location: New Jersey / NYC
Remote: Yes (open to hybrid in NYC)
Willing to relocate: No
Technologies: Rippling, Greenhouse, BambooHR, Workday, Lattice, Carta, Vanta, Velocity Global, LinkedIn Recruiter, Google Workspace, Microsoft 365, Slack, Jira, Confluence, Notion, Trello, Replit, AI/LLM tools and workflow automation
Résumé/CV: https://canva.link/y0ozf7mf8raiky3
Head of People / People and Talent leader with 15+ years of experience across startups and larger technology companies. I have served as the first/only People leader at venture backed startups, partnering directly with founders and executive teams across hiring, organizational design, performance, compensation, People Ops, employee relations and scaling through significant change.
I particularly enjoy the 0→1 and growth stage work, figuring out what the business needs, building the right People foundations without unnecessary bureaucracy and staying hands on enough to actually get things done.
Most recently, I founded and built an AI powered consumer startup, which has given me firsthand experience on the other side of the founder/People partnership. I am continuing to build it in my own time while looking for my next Head of People opportunity.
Open to full-time Head of People / VP People roles as well as select fractional opportunities."
hacker-news,https://news.ycombinator.com/item?id=49206588,2026-08-07,,"I do a ton of side projects that personally interest me. I’m mainlining hard technical problems with zero need for permissions or waiting on bureaucracy or jira tickets. If a decision needs to be made, I don’t have to wait until next week when all of the “stakeholders” are available to talk about it. I figure it out myself.
If my day job was a side project I wouldn’t work on it at all."
hacker-news,https://news.ycombinator.com/item?id=49164342,2026-08-04,,"> Where in the heck are the efficiency gains?
It has been the opposite for us. It is now being weaponized by PMs and leads to add more work for developers and not less in terms of documentation and sign-offs.
Now stories automatically have additional 10 subtasks for documentation and tracking. These are created automatically through ""skills"" and the task of detailed  documentation and updating those extra tasks is a chore. When complained, they just say ""use AI"". Every JIRA task these days feels like submitting a petition to the government bureaucracy.
PMs are happy because they did something new, leaders are happy for more tracking, developers are expected to be happy with ""productivity gains"" due to not having to write much code."
hacker-news,https://news.ycombinator.com/item?id=46456419,2026-01-01,,"For side projects, a TODO.md with Now, Next, Later, Maybe headings is usually perfect.
I find that insufficient when there are non-technical tasks involved in a project, tho, and have yet to find a satisfactory solution.
For tiny teams, Github Projects. For teams >4, Jira with streamlined kanban workflows and minimal bureaucracy."
hacker-news,https://news.ycombinator.com/item?id=46287764,2025-12-16,,"I see, thanks. All analogies are flawed and that's a fact of life but your clarification made it crystal clear.
RE: your work, I would probably fight hard to reduce all the bureaucracy-inviting tools (like Jira). That removes the excuse ""we have tools already, why don't we have clear stories?"" -- though I am aware that for many people this fight would cost them their job."
hacker-news,https://news.ycombinator.com/item?id=44862642,2025-08-11,,"Our last CIO bought into all the AI hype early on and pushed it hard, before we were even allowed to use it. It was an odd time. We’d go to a town hall and get told that AI is going to change everything, and then get an email telling us we weren’t allowed to use it.
Now that we can use Copilot, we have a new CIO and I don’t hear about it so much. There is still some AI hype, but it’s more about how it’s being used in our products, rather than how to use it internally to do the work.
Apparently sometime in the next year we’re getting a new version of Jira with some AI that can do user stories on its own, but I don’t see that changing much of anything.
The bottleneck has rarely been the actual writing of code, it’s been people making decisions and general bureaucracy. AI isn’t solving that. Copilot has also not impressed anyone on my team. As far as the code we work on, it’s pretty bad. There are a few niche things it helps with, mostly writing queries to pull values out of complex json. That saves a little time, but hardly 30-50%. More like 1-2%.
Management stopped giving us new people, while pressuring us to do more, for many years now. This was a trend long before AI and I haven’t noticed any major change. I’d say it’s been this way for over 10 years now, ever since they had the realization that tasks could be automated."
hacker-news,https://news.ycombinator.com/item?id=44122123,2025-05-29,,"Look at that in the organizations - businesses, nonprofit, and governmental systems we build.
No one person can build even a single modern pencil - as Friedman said, consider the iron mines where the steel was dug up to make the saws to cut the wood, and then realize you have to also get graphite, rubber, paints, dyes, glues, brass for the ferrule, and so on. Consider the enormous far greater complexity in a major software program - we break it down and communicate in tokens the size of Jira tickets until big corporations can write an operating system.
A business of 1,000 employees is not 1,000 times as smart as a human, but by abstracting its aims into a bureacracy that combines those humans together, it can accomplish tasks that none of them could achieve on their own."
hacker-news,https://news.ycombinator.com/item?id=43778965,2025-04-24,,"I've been using it for a few years now, and I unfortunately strongly dislike it. I've never felt this disorganized before.
Basecamp is meant to go along with the ""Shape Up"" philosophy (https://basecamp.com/shapeup), an alternative to sprint based or waterfall development. But I find both to be pretty confusing and ineffective, especially at juggling the inevitable real-time demands of customer-facing software development.
In Basecamp the software, the company I work for has several projects, each containing several overlaps of the same pool of  employees, as in every person is a part of multiple projects. Each project has its own kanban board, forum, and live chat. Each six week cycle also gets its own set of all those things. That means I spend way too much time playing ""Wait, where was that one ticket again? Was it in project A's kanban or project B's chat or the archived cycle's discussion board?""
The search is terrible. The UI is bad and doesn't support basic things like code formatting or pasting URLs. The history of ""what did I look at recently"" is poor. The notifications system is buggy and doesn't work very well. There is no date-based snooze or an easy to see timeline of anything relevant to me. I spend more time fighting the software than using it. I would not choose this for any project of my own.
Then there's the Shape Up methodology, which I think tries to shield developers from the both the needless rituals of Agile (which it succeeds at) and also from outside customer-originated interruptions like bugs and feature requests (which it utterly fails at).
Together, I can see how this methodology and software might work for managing very simple projects, but I find that it breaks down with the slightest bit of real world interference.
Urgent bugs cannot neatly fit into a planning cycle, and so either has to just exist outside of it, or else has to wait until the end of the 6-week cycle's cooldown period. In reality this means we often waste time debating when to address bugs and whether to postpone them until the next cycle. There is no formal system for triage, so it's just kinda a gut feel based on limited information.
It's even worse for feature requests. By design there is no backlog. Team members pitch their ideas at the start of a cycle, kinda guess how much time they would like to spend on it (their ""appetite"" for it), and then try to constrain it within that time frame, ""shaping"" it into an actual ticket. Then leaders have the ultimate say of which tickets make it into the cycle to be worked on. I find this system to be both simplistic and unreliable, really just being a bunch of guesswork that yes, discourages scope creep, but also makes for some pretty inflexible development/modification of UX issues that are found during development. What it saves in estimation time, it accrues as tech debt for a later cycle. And because there is no backlog, both discovered issues and customer feature requests that aren't picked for implementation don't have anywhere to live. They just... disappear. I think the theory is that popular enough ideas will eventually organically resurface as a pitch. In reality customers often just get ignored and have no transparency into planned work. There is no roadmap for product development, just vague guesses every month and a half.
To be fair, I don't like Jira and Agile either. Whereas Basecamp is too barebones and unrealistic to be useful, Agile and Jira are too dogmatic and emphasize rigid planning and ritualistic bureaucracy that sucks all the joy out of coding.
Maybe Basecamp pleases developers because it lowers stress (at the expense of customers). Agile pleases managers because it lets them use devs as factory line workers, minimizing their agency and increasing their reliability. It is terrible for developer experience. But neither, I think, does a good job at providing customer focused development.
Very strictly IMHO: What has worked best for me and the small teams I've been on is just a basic kanban board that realistically mirrors what people are working on, with reasonable but not super detailed estimates of time or difficulty. Something that makes it easy to see that Joe is working on a very hard feature, whereas Sarah has a bunch of small ones. If a bug report comes in, whoever is on triage duty that week looks it over and provides an estimation. Probably Sarah ends up taking it because her work is more modular, and she then updates the kanban accordingly to show that she's taken that new bug, and some other planned work is now postponed because of it. I think that sort of system is more able to mirror a realistic development situation where you can't really just focus on long term work and pretend that outside influences don't exist. Various systems always try to shield developers from those outside influences, but I find it's better to just accept it and transparently say ""OK, we'll squeeze this in, but that means this other thing will be delayed."" It's not a rigid process, just a basic organizational system that can be flexible and modified as needed to suit the team's needs. Don't overcomplicate the process, just document the tradeoffs you're making.
Again, all of the above is strictly IMHO, just my opinion as an IC dev who's worked with several different teams and management styles."
hacker-news,https://news.ycombinator.com/item?id=42858064,2025-01-28,,">Spends so much time comparing modern tech to Byzantine history, probably thinks JIRA is the modern equivalent of Roman bureaucracy
It knows me too well."
hacker-news,https://news.ycombinator.com/item?id=42812687,2025-01-24,,"There are a few good reasons to avoid docker hub in production environments:
- free usage is capped and throttled if you exceed download limits.
- some cloud environments don't pay for docker hub access and it's easy to exceed those limits collectively. I've seen that happen on telekom cloud a few times.
- you can configure docker on your machine to use a mirror. For example https://mirror.gcr.io. Or you can setup your own mirror of course. Most cloud environments do this for you.
Using a mirror means you can continue to use images published (by others) to docker hub. And since you don't really have much of a choice about where others publish their images, using a mirror is a good workaround.
IMHO the docker solution of simply prepending images with your registry domain is actually a decent practice. I don't get websites I browse from a central repository either.
For your own stuff, you don't really need to use dockerhub. You can just run your own repository, which isn't that hard or expensive. But of course, an empty repository isn't that useful if you mainly use stuff made by others.
Btw. docker is not unique with having a corporately owned central repository of software. Annoyingly, maven central is run by Sonatype and their process for pushing stuff there is mildly convoluted. It's stupidly easy to use a simple aws or gcp bucket as a maven repository from gradle (I do this for some of my OSS projects). Or any old server with ssh access and a web server. Github also offers repositories for a lot of stuff. But getting your library on maven central just means dealing with their bureaucracy (Jira driven!) and jumping through a lot of hoops. I've been wishing somebody would beat some sense into them or would setup a (vastly) easier to use public repository for years.
It's nice that companies offer public repositories of stuff. But it's inconvenient when they start policing/taxing access to that or put up barriers to get stuff in there. Mainly because they tend to host the vast majority of interesting dependencies that you might want to use.
IMHO the ownership of such central infrastructure ideally moves to some kind of foundation with proper governance rather than some company. For docker that could be the Linux Foundation. It's not clear to me why that responsibility lies with a tiny company for the Java ecosystem that makes a rather convoluted product for hosting jar files which at this point isn't actually that widely used since there are plenty better alternatives. Nothing against them but why delegate such a big responsibility to them?"
hacker-news,https://news.ycombinator.com/item?id=39927164,2024-04-04,,"Derrida as his thesis adviser. That must have been interesting.
Not much about actual tools. One could write about that, but ""Zen and the Art of Motorcycle Maintenance"" has already covered that ground.
As an exercise, consider ticket systems. Who do they work for, and who works for them? See ""How to Live Though an Executive"", by L. Ron Hubbard. Along with Scientology, he seems to have invented JIRA-type systems, long before computers, as a paper-oriented bureaucracy. It's interesting to read that to see why he likes the idea, and who's controlling whom."
hacker-news,https://news.ycombinator.com/item?id=44031138,2025-05-19,,"For years, I used Trello for taking notes and tracking my reading/research. The feature I cared most about was being able to reference notes in other notes and have lists of notes. It turns out that Trello is an awful tool for this because their database doesn't scale well to large boards.
I built a bare-bones alternative where each ""card"", e.g. book or paper, is a JSON file. This was motivated by parsing the bloated Trello export file into individual files.
I tinkered with this until I came across Obsidian. I used a version of this tool[0] to parse my Trello export into markdown files. It's still not perfect and continually requires tinkering to do what I need, but my present setup is infinitely better than the prior. r.e. another comment: I can imagine using this setup in twenty years and am happy to pay for Sync.
[0] https://forum.obsidian.md/t/t2md-a-tool-to-migrate-trello-to..."
hacker-news,https://news.ycombinator.com/item?id=43991503,2025-05-15,,"I recently worked with a multi-location hospitality group that was drowning in tools: Xero for accounting, Trello for projects, spreadsheets for payroll, random CRMs — it was chaos.
That’s when I came across Barawave — an AI-powered, all-in-one Cloud ERP platform. At first, I was skeptical (ERP systems can be notoriously clunky), but Barawave turned out to be surprisingly simple, smart, and affordable.
Here’s what we switched over to Barawave:
Project & task management
Payroll & HR
Accounting & invoicing
CRM
Inventory tracking
Financial reporting
Plus: custom dashboards + AI insights
We rolled it out across 3 departments in under a week. The AI even flagged delayed invoices and suggested ways to reduce stock loss — without any custom code or consulting hours.
The result?
40% reduction in admin time
Real-time visibility across locations
Accurate, automated payroll and tax compliance
Zero need to juggle tools or spreadsheets
It honestly felt like upgrading from a toolbox full of duct-taped apps to a unified command center for the entire business.
If you’re managing a growing business or consultancy and want to cut complexity without losing control, Barawave is worth a look.
AMA if you want screenshots, sample workflows, or onboarding tips.
Contact me at john.ayuel@hotmail.com for consultation"
hacker-news,https://news.ycombinator.com/item?id=39376374,2024-02-14,,"> Jira is brilliant. It is team-led. Different teams have different approaches, some love all the features like components, versions, issue types, assignee, kanban boards, scrumms, reports etc etc. Others like my team use it with subject/description/comments. You make the tool fit what the team needs.
> Same with slack, you can create and destroy channels around your team -- anyone can create any channel at any point it makes sense -- problem at 3AM, spin up a channel to discuss it, job done. You can integrate and add plugins nice and easy.
> Remedy and Teams are led top down. They're designed to be organised, not organic. They're not built for the teams doing the work, but for the people wanting reporting. It's more about monthly KPIs than actually improving performance.
I'd say it's the other way round. Everywhere I've seen Jira, the person who can change the tool settings (e.g. make mandatory fields optional, add a transition to allow you to move a card to the column it should be in (because Jira is deny by default, you can only move things in ways that are specifically allowed) is a very distant part of the org chart from the team doing day to day work on it. ""not built for the teams doing the work, but for the people wanting reporting. It's more about monthly KPIs than actually improving performance"" is exactly how I'd describe Jira, given how I've seen it used (across a great many organisations, large and small - indeed I'd say switching to Jira is the most reliable indicator that a previously fun company has grown too big and it's time to leave).
Some stuff is probably just typical managerial bullshit. But the fact that Jira defaults to working as a slow, drag-and-drop interface with no undo is absolutely an unforced error.
> Never has an anti-trust move been so obvious or damaging.
Atlassian buying Trello and gradually ruining it is worse than MS giving away crappy products for free."
hacker-news,https://news.ycombinator.com/item?id=39111086,2024-01-23,,"We started https://scanrepeat.com to enable companies of any size to introduce continuous security scanning of their web apps with direct reporting to Slack, Trello, Teams, etc.
We also cover a few more misc cases like detection of potential GDPR/CCPA personal data leaks."
hacker-news,https://news.ycombinator.com/item?id=48291896,2026-05-27,,"Completely different philosophies. I will share a TL/DR below:
MY KANBAN CLI IS:
A project management system to plan, estimate, track sprints, measure velocity, assign roles, and give agents structured tasks with acceptance criteria.
CLINE KANBAN IS:
An agent execution platform to run multiple AI agents in parallel on isolated worktrees, review diffs in a web UI, and auto-commit/PR their output.
SIMILARITIES:
- Local
- Git integration with worktree support
- Agent integration with parallel execution
- Task and dependency tracking
DIFFERENCES:
- Language: Rust 2021 vs TypeScript/Node.js
- Interface: Terminal CLI (JSON output) vs Browser web app (React SPA)
- Task Creation: Human-focused vs Agent-focused
- Agent Control: Agent runs the tool as a CLI utility vs Platform spawns and manages the agent as a child process
- Core Engine: Sprints, story points, velocity, and role-personas vs MCP server management, web diff viewers, and auto-PR toggles
- Lifecycle: 8-state validation engine vs 4-column drag-and-drop layout
- Concurrency: File locking (fd-lock) for safe multi-agent CLI access vs Git worktree isolation for massive parallelism (hundreds of agents)
- Output Target: JSON by default (agents consume it) vs Web UI by default (humans consume it)
- Self-Management: Recalibration engine (auto-heal data, reorder tasks, rebalance sprints, archive) vs Not present
- People Registry: Humans tracked separately from agents (people.json) vs Not present
- Storage: JSON files in .kanban/ (atomic writes, two-tier locking) vs Runtime state streams + config files (no persistent task database)
- Statistics: Cycle time, lead time, revisions, blocks, effort ratio vs None
- Coordination: Shared with teammates via git vs Independent instance
There are many more differences between the two, which brings me to my first point. All in all, I see my Kanban as being a much more structured, human-centric, and controlled environment, since it's a complete management system rather than just an execution layer.
You can practically plan the whole project using my tool, before any implementation even starts. That means complete project structure (via files_to_modify), acceptance criterias (+ context), commit messages, branch names, version bump (handled automatically by the tool as tasks are completed) and so on. It's a full project trace, which uses the full potential of a human + agent development workflow."
hacker-news,https://news.ycombinator.com/item?id=48121814,2026-05-13,,"> The unit you plan in is the truth you will or will not face.
This 100x. ""Story points"" are evil, simply because they can't be measured. The qualitative nature of story points means that planning assumptions are NEVER checked against reality. It's a strong incentive for management to avoid any responsibility; stay ""agile"", use ""story points"", and never ever assess your actual performance or velocity.
The worst managers I've seen straight up forbid talking about the story points. Anyone asking for more information or discussion gets shot down; story points are ""just an estimate"" after all. Then when that lack of information becomes a problem, employees are forbidden from referring back to previous estimates. Even calibrating story points in a relative sense is expressly forbidden. There is no feedback mechansim to correct poor planning. And that's by design; the system protects and shields mediocre managers from accountability, period."
hacker-news,https://news.ycombinator.com/item?id=46958420,2026-02-10,,"> we end up tracking throughput proxies (story points completed, velocity, number of tickets closed, burndown charts) and treating that as success
That sounds more like scrum or something in that wheelhouse, which isn't agile, but what I earlier called pre-agile. They are associated with agile as they are intended to be used as a temporary transitionary tool. One day up and telling your developers ""Good news, developers. We fired all the managers. Go nuts!"" obviously would be a recipe for disaster. An organization wanting to adopt agile needs to slowly work into it and prove that the people involved can handle it. Not everyone can.
> Also, agile isn’t really “removing managers from the picture” so much as shifting management from command-and-control to enabling constraints, coaching, and removing impediments.
That's the pre-agile step. You don't get rid of managers immediately, you put them to work stepping in when necessary and helping developers learn how to manage without a guiding hand.  ""Business people"" remain involved in agile. Perhaps you were thinking of that instead? Under agile they aren't managers, though, they are partners who work together with the developers."
hacker-news,https://news.ycombinator.com/item?id=46958362,2026-02-10,,"I didn’t mean the Agile Manifesto prescribes individual productivity measurement. I meant what often happens in “agile in the wild”: we end up tracking throughput proxies (story points completed, velocity, number of tickets closed, burndown charts) and treating that as success, while the harder question (“did this deliver user/business value?”) is weakly measured or ignored.
Also, agile isn’t really “removing managers from the picture” so much as shifting management from command-and-control to enabling constraints, coaching, and removing impediments. Even in Scrum, you still have roles with accountability, and teams still need some form of prioritization and product decision-making (otherwise you just get activity without direction).
So yeah: agile ideals don’t say “measure dev output.” But many implementations incentivize output/throughput, and that’s the misconception I was pointing at."
hacker-news,https://news.ycombinator.com/item?id=46911653,2026-02-06,,"> Measure productivity by all means—I’m all for accountability—ideally as tangible business impact… proxy business metrics are fine too… Just don’t try to measure the individual contribution of a unit in a complex adaptive system, because the premise of the question is flawed.
Great article, but I disagree with this conclusion and don’t think it reflects its own reasoning.
If proxy metrics are acceptable, then measure by proxy the effort and impact of the activity.  You are using stories and have story points. You should also have increasing velocity and capability metrics to show the levelling up from mentoring or happier pairing versus the hourly salaries involved and opportunity costs management gets to evaluate… Put those mentoring stories in and point them, or proportion those points across paired members, and measure them over time. The analytics will show things.
I find unwillingness to subject engineering activity to metrics highly suspect, and often based of flawed business application of business accounting or process monitoring.  Proxy metrics are used for this exact reason, but to arbitrarily stop quantifying and assert subjective opinion as a conclusion is literal vibe management. “It feels like X, and we measure only 1/2 of Q, therefore X… which coincidentally was our pre-conclusion, our pre-judice, and preferred-conclusion.”
Here we have a teammate pairing for 100% of a senior developer position? … counter assertions we could make into the total lack of data about that: the juniors were stifled and would progress far faster self-directed, the seniors were annoyed by habits they can’t talk about politically with higher turnover and lower productivity, the manager is normalizing just-show do-nothing non-accounted jobs which is a corruption gravy train, there’s an entitled Socratic unicorn getting salary refusing to account for his time, and comparable teams are seeing more effective mentorship and aggregate team output improvement per senior-pairing hour (we think … but could never actually compare, since one party isn’t accounting).
Now I bet author is fully right and this super dev was an accelerant and used well.  I disagree that this can’t be measured and feelings match a proper accounting.  If the author was being misled by a bullshit artist you have a 0-point 100% salary that should be visible from orbit being granted based on personal favours. Not a great look for anyone involved. Not something I’d pay for."
hacker-news,https://news.ycombinator.com/item?id=46186209,2025-12-07,,"There are agile methods that forgo estimates and deadlines though
This is what ""agile"" is: https://agilemanifesto.org/
More specific methodologies that say they are agile may use concepts like estimates (story points or time or whatever), but even with Scrum I've never run into a Scrum-imposed ""deadline"".  In Scrum the sprint ends, yes, but sprints often end without hitting all the sprint goals and that, in conjunction with whatever you were able to deliver, just informs your backlog for the next sprint.
Real ""hard"" deadlines are usually imposed by the business stakeholders.  But with agile methods the thing they try to do most of all isn't manage deadlines, but maximize pace at which you can understand and solve a relevant business problem.  That can often be just as well done by iteratively shipping and adjusting at high velocity, but without a lot of time spent on estimates or calendar management."
hacker-news,https://news.ycombinator.com/item?id=45441921,2025-10-01,,"> the worthless points (why not a time unit)
The story points people won the battle against time units, claiming that ""complexity"" can be measured and quantified better than ""hours"" could, but in every place I've worked, people just treat them as though they're actually some unit of time. Product managers and my bosses always believe you can do arithmetic with that (multiply engineers assigned to project by 2 to cut time in half right? Sum up 25 points and be confident 5 engineers can complete them all in a week right?)
Then we occasionally have to pretend to really care why our ""velocity"" isn't arbitrarily higher or why it's less than it once was, when all of the tasks have estimates from 1-5 with at least a 1-point margin of error. There's so much noise that no amount of smoothing yields useful data that you can use to achieve ""certainty"" -- such as that X project will be done in Y number of sprints, which is what senior management craves most, but can never safely be promised unless you have a death wish.
Basically I'm convinced at minimum like half of teams that ""do agile"" or ""do scrum"" are just cargo-culting and derive no particular benefit from it. I don't think I'd even do estimation of any kind if I ran a software team as I saw fit."
hacker-news,https://news.ycombinator.com/item?id=42947984,2025-02-05,,"A couple of indicators I have seen:
1. For a non-manager, an indication that there is good management (project, process, etc.) in place is that the management aspect sort of seems to disappear/ moves into the background.
2. Communication becomes efficient or smooth.
How is it achieved?
1. High level goals and metric. And incremental upgrades to those. I think people/ teams need to get comfortable with one set of those before you want to improve better those metrics. Jira story points and velocity are not good metrics.
2. A manager acts as a buffer. A manager absorbs some shock and filters some data/ emotions which would otherwise flow between one (ideally more) pair of layers: one above them and one below them.
3. One kind of non-sense (from many kinds) is that people- junior or senior- are 'trying to prove their value'. This is why some people speak unnecessarily in meetings, emails go back and forth, senior management chimes in on low level issues, etc. A couple of good managers I saw were able to limit that- over a period of time."
hacker-news,https://news.ycombinator.com/item?id=41558170,2024-09-16,,"My first and second experiences with Scrum couldn't be more different. And they were successive. Actually, they happened on the same team, same people, same project.
Before: the team had internally decided to use Scrum. Other teams were not using it, and inter-team coordination used traditional project management methods. It was fantastic; the team worked like a well-oiled machine and I really did feel more productive. We never had crunch time. I did not feel the ""end-of-sprint mini crunch"" that this post describes; instead the norm was that, by the last couple days of the sprint, people were starting to finish up whatever tickets they had taken and pivoting to helping teammates get the rest of the work done. Oftentimes we'd close out all the user stories a day or so before the end of the sprint, and have all that time for tidying up the codebase, fixing small technical debt items, experimenting with new tools, or planning ahead for the next sprint. So, if anything, it was the opposite of what the article describes: the last few days of every sprint were downright relaxing.
After: The executives got wind of Scrum, and decided to standardize the whole company on it. We stopped work for a week so that we could have a famous Agile coach do an all-hands Scrum workshop. Which was fun, but the middle and senior managers were conspicuously absent. And then, after that, things kind of went to heck. The way our team did Scrum rapidly started to change as our team manager started getting explicit instructions on how to do things. We also started experiencing pressure to keep or maintain velocity. We started getting questions about why our velocity was so much different from other teams'. We could explain that the story point scale is team-specific and you can't compare story points across teams, but that didn't go anywhere. As I said, the middle and upper managers skipped the Scrum training. They weren't interested in being lectured about what I'm sure they perceived as pedantic little bullshit details.
I left that company and went to another where leadership didn't mandate any Agile methodology. My team did a homegrown Kanban-like thing. A team I collaborated closely with used Scrum. It also seemed to work pretty great. Again, possibly because we chose it for ourselves. I don't think the other team would have done as well on Kanban. Scrum wouldn't have worked so well for our team. I didn't see a problem with that. We each had different business domains that warranted very different ""rules of engagement"" with our stakeholders and ways of organizing the work.
Since then it's been a couple more companies where ""Agile"" was mandated from the top, and, apologies to Tolstoy, but they were both miserable in the same way that the first one was after the Scrum mandate got handed down from above."
hacker-news,https://news.ycombinator.com/item?id=41320609,2024-08-22,,"Hi, great questions!
> How does this handle concurrent distribution of work? For example, my team has an upcoming epic which would take 3 weeks if done sequentially by one person. But what if the team has 2 devs, or 4 devs? Does it assume a linear decrease in work with increase in number of devs?
It's for this reason that Easy estimate works best with ""Story points"". It does not matter how many devs worked on the epic, but looks at the total story pointed completed for the project in the past and predicts the ETA based on the work completion.
* Does it handle task dependencies? For example, there may be a sequential chain of dependencies in my epic that mean it will never be done faster than 2 weeks no matter how many people work on it.
This is a project-management-hell and hard to get it right. Your best bet is to create a ""techincal spike"" ticket and try and answer all feasibility and dependency questions and manage risk. Then create smallest and realistic tickets from the spike and estimate the work required to be done by story-pointing them. Easy estimate then takes over to continually track the project status and project ETA.
> Does it maintain the roadmap in response to ongoing delays or changes to scope? For example, if a task is delayed by 1 week, does it go through and figure out the new ETA? This may be quite complex as it may be efficient to re-assign devs to different tasks.
As this is story point based, not completing work in a week would result in a drop of the velocity, making the app compute a new ETA. So yes, at all times, the app is computing the best eta based on the project velocity and shows how the project fares given the project due date.
> Does it handle annual leave and varied working weeks? For example, if the end of the project is pushed back into a week where lots of people have annual leave, can it factor this into its estimate?
This again is factored in as the velocity drops during annual leave of a team member / lots of people on annual leave, creating a delay in the project ETA"
hacker-news,https://news.ycombinator.com/item?id=40983619,2024-07-17,,"Yes, project managers easily can have that level of comprehension, but it is rare to meet a project manager that understands that a time range is something like a confidence interval. That is, if it is estimated a task will take 3-9 weeks, with some probability (say like 10%) it will take an even shorter or longer amount of time. There is uncertainty encoded in the time range, but the time range itself is also uncertain.
Fundamentally, the problem is that project managers set deadlines based on statistical estimates from developers. Despite the fact that they set the deadline and do not understand the dispersion, they want developers to be responsible for misses. Sometimes, people mistankenly believe that there
is some magical practice that can eliminate the uncertainty from estimation. You can make predictions with things like story points and achieve a certain amount of accuracy with a certain amount of dispersion. Statistically, it is the longitudinal behavior that can be predicted (sprint success rate at a specific velocity on a stable team), but we focus on cross sectional details (we missed this sprint).
Project management is generally not considered a field requiring statistical expertise but modeling reality of the work requires it."
hacker-news,https://news.ycombinator.com/item?id=40983033,2024-07-17,,"Absolutely my experience too. Story points have been an effective tool for me with multiple teams in several different companies over the past two decades. They aren't, by themselves, the complete answer to any problem - they need to be applied within the context of a healthy team and engineering culture. And some senior management persistently misunderstand them and want to do insane things like compare velocities between teams. But they are a good and useful tool in the hands of a good team."
hacker-news,https://news.ycombinator.com/item?id=40982983,2024-07-17,,"I used story points for years with my teams and they worked ""as advertised"", which is they helped the teams understand the effort, complexity and risk for each story involved.
When there was disagreement, it helped them dig deeper to understand why and usually reveal somebody's incorrect assumptions.
It helped make sure teams didn't overcommit to the amount of stories they stuffed into a sprint and avoid either burning out, or worse, normalizing not finishing the sprint causing negative impacts to morale/motivation. (For some reason my teams often thought they could do more than the points implied!)
Most importantly, when large projects were proposed or were in progress, we were able to give realistic estimates to the various stakeholders about when to expect the various milestones to arrive, which bought us engineers a ton of credibility, trust, and respect with the rest of the company.
And yes, management wanted to see the story points and measure the team against them. I told them to F-off. Nicely. Kinda.
It helped that I was either a CTO or a senior enough exec in those cases with 3-8 agile teams. I essentially was the middle management and could put a stop to any destructive practices like evaluating teams against their velocity."
hacker-news,https://news.ycombinator.com/item?id=40980917,2024-07-16,,"Story points are a useful exercise when trying to discuss complexity of a task but IME it completely falls apart when used as a metric to determine anything useful like velocity.
I had a terrible experience with them once. I was a relatively new, enthusiastic engineer on a struggling team of guys who'd been at the company a long time and were pretty burnt out. Inevitably I started getting all the ""hard"" stories with a lot of points, til it got to some stupid point where I was outputting about 80-90% of our team's combined story points. Management caught wind of it, didn't like it, so what they decided to do was adjust my points ""downward"" to be more in line with the rest of my team's output. It really irritated me, because it'd result in absurd situations where my teammates would get a ""3 point"" ticket that was like, just updating some field in a config file to an already-known value and checking it in somewhere, and I'd get this whole-ass project wrapped in a single ticket and they'd give me the same amount of points for it. And of course this was tied in to performance reviews, adding to how annoying it was.
Another super irritating thing that would happen is I'd be asked to estimate complexity on some super vaguely defined ticket describing some problem that would take a lot of detective work to even figure out how to solve, so how am I supposed to give an accurate estimate of complexity? If I knew that much, I'd already have probably fixed whatever the issue was."
hacker-news,https://news.ycombinator.com/item?id=39495270,2024-02-24,,"I would love it if we were all ""cross function"" but that comes at a cost of reduced velocity. First of all, a manager shouldn't be side channel dm his reports questioning the estimates/story points the team collectively decided at all but in this situation you have to live with reduced capacity forever if you want everyone to be a jack of all trades.
Management wants to have its cake and eat it too. I feel like if you object to an estimate, you must have to do the task yourself with the reduced estimate. This falls flat because I suspect my manager has ZERO programming/qa/development or even business analyst experience.
Just my personal opinion that if you think the estimate is wrong, you should take the task yourself and do it in less time or shut up.
You know how we talk about developers not able to do fizzbuzz with ten years' experience? I suspect he is whatever the equivalent of that is for managers."
hacker-news,https://news.ycombinator.com/item?id=39379989,2024-02-15,,"Yes, but orgs that want to do this would likely have done it regardless of the use of Jira. I have my team use story points yet I don’t ever use them to measure team or individual velocity. The fact that Jira enables incompetent managers (which is not the same thing as ‘managers’, one is necessary and one is not) to be incompetent is in my opinion a fairly low-level mark against it.
The reality is that most developers don’t know what degree of organisation / visibility is required for it to even be tenable to do their job in the context of a wider organisation. ICs, and the experience of ICs, should certainly be taken into consideration when picking PM tooling, but it’s not a bad mark against an org to also take into consideration the very real needs of management, PMs, etc.
There are always going to be those people that will categorically associate management with ‘bad’ and I just simply cannot respect that opinion. It’s the equivalent of being mad at your parents for setting a bedtime. Some of the Jira hate definitely comes from people with that mindset."
hacker-news,https://news.ycombinator.com/item?id=39147474,2024-01-26,,"Yes, this article is lacking, but leadership deserves to be shammed in this industry! Most firms are managed with fluffy nonsense about OKRs and story point velocities that have nothing to do with the cost of the daily activities of the labor force.
Most champion EBITDA as an internal metric!
That the cost of over-hiring, layers of middle management, and weeks packed with borderline pointless meetings were not factored in to the financial projections that led investors astray is painfully obvious when looking out the rearview mirror. Financial accounting is about where you have been. Managerial accounting is about where you are headed."
